Country_of_Origin,Processing_Method,Aroma,Flavor,Aftertaste,Acidity,Body,Balance,Uniformity,Clean_Cup,Sweetness,Cupper_Points,altitude_low_meters,altitude_high_meters,altitude_mean_meters
Guatemala,,8.42,8.5,8.42,8.42,8.33,8.42,10.0,10.0,10.0,9.25,1600.0,1800.0,1700.0
Brazil,Natural / Dry,8.58,8.42,8.42,8.5,8.25,8.33,10.0,10.0,10.0,8.33,,,
United States (Hawaii),,8.33,8.42,8.08,8.25,8.25,8.0,10.0,10.0,10.0,8.58,609.6,609.6,609.6
Costa Rica,Washed / Wet,8.08,8.25,8.0,8.17,8.0,8.33,10.0,10.0,10.0,8.33,1300.0,1300.0,1300.0
Mexico,Washed / Wet,8.17,8.25,8.17,8.0,7.83,8.17,10.0,10.0,10.0,8.58,1320.0,1320.0,1320.0
Brazil,Natural / Dry,8.5,8.5,8.0,8.0,8.0,8.0,10.0,10.0,10.0,7.92,1250.0,1250.0,1250.0
Honduras,,8.17,8.08,8.08,8.0,8.08,8.0,10.0,10.0,10.0,8.25,1400.0,1400.0,1400.0
Taiwan,Pulped natural / honey,8.0,8.0,8.0,8.25,8.0,8.17,10.0,10.0,10.0,8.17,1200.0,1200.0,1200.0
Brazil,Natural / Dry,8.5,8.17,8.0,7.75,8.0,8.0,10.0,10.0,10.0,8.0,1300.0,1300.0,1300.0
Costa Rica,Washed / Wet,8.17,7.83,8.0,8.08,7.83,8.0,10.0,10.0,10.0,8.42,1300.0,1300.0,1300.0
United States (Hawaii),Natural / Dry,8.08,8.17,8.0,7.92,7.92,7.83,10.0,10.0,10.0,8.33,,,
United States (Hawaii),,8.25,8.42,8.08,7.75,7.67,7.83,10.0,10.0,10.0,8.25,,,
Brazil,,8.17,7.92,7.92,7.75,8.33,8.0,10.0,10.0,10.0,8.08,12.0,12.0,12.0
Brazil,,8.42,7.92,8.0,7.75,7.92,8.0,10.0,10.0,10.0,8.17,12.0,12.0,12.0
Taiwan,Semi-washed / Semi-pulped,8.08,8.17,7.75,8.08,7.75,7.83,10.0,10.0,10.0,8.42,1000.0,1000.0,1000.0
Brazil,Semi-washed / Semi-pulped,8.33,8.0,8.0,8.0,7.75,8.0,10.0,10.0,10.0,8.0,1250.0,1250.0,1250.0
Colombia,Washed / Wet,7.75,7.92,7.83,8.08,8.08,8.17,10.0,10.0,10.0,8.17,900.0,1500.0,1200.0
United States (Hawaii),,8.33,8.17,7.75,8.0,7.75,7.83,10.0,10.0,10.0,8.17,426.72,426.72,426.72
Guatemala,Washed / Wet,7.92,8.08,7.92,8.08,8.08,7.83,10.0,10.0,10.0,8.0,,,
Colombia,Washed / Wet,8.0,8.0,8.0,8.17,7.83,8.0,10.0,10.0,10.0,7.92,1800.0,1800.0,1800.0
Guatemala,Washed / Wet,7.83,8.0,8.0,8.17,7.83,8.0,10.0,10.0,10.0,8.0,1524.0,1524.0,1524.0
Guatemala,Washed / Wet,8.0,8.0,7.83,8.33,7.83,7.83,10.0,10.0,10.0,8.0,1417.32,1417.32,1417.32
United States (Hawaii),Natural / Dry,7.83,8.0,7.92,7.75,8.08,8.0,10.0,10.0,10.0,8.0,,,
Guatemala,Washed / Wet,8.0,7.83,7.67,8.33,7.83,8.0,10.0,10.0,10.0,7.83,1706.88,1755.648,1731.264
United States (Hawaii),Natural / Dry,7.92,7.92,7.75,7.92,7.75,7.92,10.0,10.0,10.0,8.25,,,
Brazil,Semi-washed / Semi-pulped,8.0,8.0,8.0,7.67,7.75,8.0,10.0,10.0,10.0,8.0,1250.0,1250.0,1250.0
Guatemala,Natural / Dry,7.83,7.75,7.83,7.67,7.83,8.58,10.0,10.0,10.0,7.83,1770.0,1770.0,1770.0
Costa Rica,Washed / Wet,7.92,8.08,8.0,7.92,8.0,8.08,10.0,10.0,9.33,8.0,1300.0,1300.0,1300.0
Costa Rica,Washed / Wet,8.0,7.58,7.58,7.67,8.08,8.5,10.0,10.0,10.0,7.92,1300.0,1300.0,1300.0
Guatemala,,8.0,7.92,7.75,8.0,7.92,7.83,10.0,10.0,10.0,7.83,,,
Colombia,Washed / Wet,8.17,7.92,7.83,8.0,7.58,7.83,10.0,10.0,10.0,7.92,1550.0,1550.0,1550.0
Colombia,Natural / Dry,7.58,8.08,7.92,7.83,8.0,7.92,10.0,10.0,10.0,7.92,1550.0,1550.0,1550.0
Guatemala,Washed / Wet,8.25,8.0,7.67,7.92,7.75,7.67,10.0,10.0,10.0,7.92,1400.0,1400.0,1400.0
Colombia,Natural / Dry,8.17,7.83,7.58,8.08,8.0,7.75,10.0,10.0,10.0,7.67,2560.0,2560.0,2560.0
United States (Hawaii),Natural / Dry,7.58,7.83,7.83,7.92,7.83,8.17,10.0,10.0,10.0,7.92,,,
Colombia,Natural / Dry,7.83,8.0,7.75,7.75,7.83,7.83,10.0,10.0,10.0,8.08,2136.0,2136.0,2136.0
United States (Hawaii),,8.08,8.17,7.92,8.0,8.08,8.0,9.33,9.33,10.0,8.17,,,
United States (Hawaii),,7.5,7.92,8.25,7.83,7.92,7.75,10.0,10.0,10.0,7.92,,,
Colombia,Washed / Wet,8.0,7.92,7.75,7.92,7.75,7.83,10.0,10.0,10.0,7.83,,,
Costa Rica,Washed / Wet,7.83,8.0,7.58,7.92,7.92,7.83,10.0,10.0,10.0,7.92,1900.0,1900.0,1900.0
Mexico,Washed / Wet,7.83,8.0,7.83,7.75,7.67,7.83,10.0,10.0,10.0,8.08,1300.0,1300.0,1300.0
Brazil,Natural / Dry,8.0,8.0,7.83,7.83,7.67,7.67,10.0,10.0,10.0,8.0,1100.0,1100.0,1100.0
Mexico,,7.92,8.17,7.75,8.08,7.42,7.83,10.0,10.0,10.0,7.83,1400.0,1400.0,1400.0
United States (Hawaii),,7.75,7.92,7.75,7.75,8.0,8.0,10.0,10.0,10.0,7.83,,,
Guatemala,,7.83,8.08,7.67,8.0,7.75,7.67,10.0,10.0,10.0,8.0,1066.8,1584.96,1325.88
Colombia,Washed / Wet,7.92,7.92,7.67,7.83,7.92,7.83,10.0,10.0,10.0,7.83,,,
Colombia,Washed / Wet,7.92,7.83,7.75,7.83,7.75,8.0,10.0,10.0,10.0,7.83,1600.0,1950.0,1775.0
Taiwan,Semi-washed / Semi-pulped,7.67,7.83,8.0,7.58,8.0,7.92,10.0,10.0,10.0,7.92,800.0,800.0,800.0
Colombia,Washed / Wet,7.75,7.92,7.83,7.75,7.75,8.0,10.0,10.0,10.0,7.92,1600.0,1950.0,1775.0
Mexico,Semi-washed / Semi-pulped,7.75,8.0,7.75,7.83,7.5,7.92,10.0,10.0,10.0,8.17,1200.0,1200.0,1200.0
Brazil,Natural / Dry,8.0,7.92,7.75,7.75,8.0,7.75,10.0,10.0,10.0,7.75,1200.0,1200.0,1200.0
Brazil,Natural / Dry,8.0,8.0,7.75,8.0,7.5,7.75,10.0,10.0,10.0,7.92,1000.0,1000.0,1000.0
Taiwan,Natural / Dry,7.92,7.58,7.83,7.83,7.83,7.83,10.0,10.0,10.0,8.0,350.0,350.0,350.0
United States (Hawaii),Natural / Dry,7.67,7.75,7.75,7.75,7.83,8.0,10.0,10.0,10.0,8.08,,,
Honduras,Washed / Wet,7.83,7.75,8.0,7.67,7.67,7.67,10.0,10.0,10.0,8.17,1450.0,1450.0,1450.0
Costa Rica,Washed / Wet,8.08,7.75,7.67,7.83,7.5,7.92,10.0,10.0,10.0,7.92,1150.0,1150.0,1150.0
Guatemala,Washed / Wet,7.75,7.83,7.58,8.0,7.92,7.75,10.0,10.0,10.0,7.83,1600.0,1600.0,1600.0
Costa Rica,Washed / Wet,8.17,8.0,7.83,7.17,7.83,7.75,10.0,10.0,10.0,7.92,1750.0,1750.0,1750.0
Costa Rica,Other,7.67,7.58,7.75,7.75,7.67,8.58,10.0,10.0,10.0,7.67,1750.0,1750.0,1750.0
Costa Rica,Washed / Wet,8.0,7.58,7.83,7.75,7.75,7.75,10.0,10.0,10.0,8.0,1200.0,1200.0,1200.0
Costa Rica,Washed / Wet,8.08,7.83,7.75,7.83,7.92,8.0,10.0,10.0,9.33,7.92,,,
Taiwan,Washed / Wet,8.0,7.92,7.75,7.75,7.75,7.75,10.0,10.0,10.0,7.75,1000.0,1000.0,1000.0
Colombia,Washed / Wet,7.75,7.83,7.75,7.83,7.75,7.83,10.0,10.0,10.0,7.92,1550.0,1550.0,1550.0
Guatemala,Washed / Wet,8.0,7.83,7.67,7.83,7.67,8.0,10.0,10.0,10.0,7.67,1310.64,1310.64,1310.64
Guatemala,Washed / Wet,7.67,7.83,7.67,8.0,7.67,7.83,10.0,10.0,10.0,8.0,1524.0,1524.0,1524.0
Mexico,Washed / Wet,7.83,7.58,7.67,7.92,7.92,7.83,10.0,10.0,10.0,7.92,1200.0,1200.0,1200.0
Colombia,Washed / Wet,7.83,7.67,7.58,7.92,7.67,7.83,10.0,10.0,10.0,8.08,1500.0,1500.0,1500.0
Colombia,Washed / Wet,7.92,7.83,7.58,8.0,7.83,7.67,10.0,10.0,10.0,7.75,,,
Guatemala,Washed / Wet,7.75,7.83,7.67,7.92,7.75,7.83,10.0,10.0,10.0,7.83,1524.0,1524.0,1524.0
Guatemala,Washed / Wet,8.0,7.92,7.67,7.58,7.58,7.67,10.0,10.0,10.0,8.17,1219.2,1219.2,1219.2
Colombia,Washed / Wet,7.67,7.67,7.58,7.75,7.58,8.5,10.0,10.0,10.0,7.83,1550.0,1550.0,1550.0
Colombia,Washed / Wet,7.75,7.75,7.83,7.75,7.58,8.0,10.0,10.0,10.0,7.92,1600.0,1900.0,1750.0
Colombia,Washed / Wet,7.67,7.83,7.83,8.0,7.58,7.92,10.0,10.0,10.0,7.75,1750.0,1750.0,1750.0
Costa Rica,Semi-washed / Semi-pulped,7.75,7.83,7.75,8.0,7.83,7.67,10.0,10.0,10.0,7.75,1450.0,1700.0,1575.0
Colombia,Washed / Wet,7.42,7.67,7.75,7.75,8.08,7.83,10.0,10.0,10.0,8.08,1800.0,1800.0,1800.0
Brazil,Semi-washed / Semi-pulped,8.0,8.0,7.75,7.75,7.58,7.75,10.0,10.0,10.0,7.75,1300.0,1300.0,1300.0
Brazil,Semi-washed / Semi-pulped,8.5,8.0,7.5,7.75,7.5,7.83,10.0,10.0,10.0,7.5,1100.0,1100.0,1100.0
Costa Rica,Washed / Wet,7.92,7.67,7.92,7.75,7.67,7.58,10.0,10.0,10.0,8.0,1200.0,1200.0,1200.0
Costa Rica,Washed / Wet,7.92,7.83,7.83,7.83,7.58,7.58,10.0,10.0,10.0,7.92,1700.0,1700.0,1700.0
Colombia,Washed / Wet,8.08,7.67,7.83,7.83,7.67,7.67,10.0,10.0,10.0,7.75,1800.0,1800.0,1800.0
Guatemala,Washed / Wet,8.17,7.83,7.67,7.83,7.67,7.83,10.0,10.0,10.0,7.5,1310.64,1310.64,1310.64
Mexico,Washed / Wet,8.0,7.92,7.42,8.08,7.5,7.67,10.0,10.0,10.0,7.92,1350.0,1350.0,1350.0
Mexico,Washed / Wet,7.92,7.83,7.75,7.75,7.75,7.83,10.0,10.0,10.0,7.67,1500.0,1500.0,1500.0
Guatemala,Washed / Wet,7.67,8.0,7.67,8.0,7.5,7.83,10.0,10.0,10.0,7.83,,,
Brazil,,7.81,7.81,7.88,7.75,7.38,8.25,9.5,10.0,10.0,8.13,,,
Brazil,,8.17,7.67,7.75,7.75,7.67,7.75,10.0,10.0,10.0,7.75,,,
Costa Rica,Washed / Wet,7.58,7.83,7.83,8.0,7.67,7.58,10.0,10.0,10.0,7.92,1300.0,1300.0,1300.0
Colombia,Natural / Dry,7.92,7.83,7.75,7.67,7.92,7.67,10.0,10.0,10.0,7.67,,,
Colombia,Washed / Wet,7.92,7.75,7.67,7.92,7.67,7.75,10.0,10.0,10.0,7.75,1600.0,1950.0,1775.0
Taiwan,Washed / Wet,7.83,7.83,7.75,8.0,7.5,7.75,10.0,10.0,10.0,7.75,1200.0,1200.0,1200.0
United States (Hawaii),Natural / Dry,7.92,7.92,7.5,7.83,7.5,7.92,10.0,10.0,10.0,7.83,,,
Mexico,Washed / Wet,7.75,7.92,7.75,7.67,7.83,7.67,10.0,10.0,10.0,7.83,900.0,900.0,900.0
Honduras,,7.92,8.0,7.75,7.67,7.67,7.75,10.0,10.0,10.0,7.58,1500.0,1500.0,1500.0
Colombia,Washed / Wet,7.58,7.75,7.5,7.83,7.67,8.5,10.0,10.0,10.0,7.5,,,
Honduras,Washed / Wet,7.58,7.92,7.58,7.75,7.92,7.75,10.0,10.0,10.0,7.83,1500.0,1500.0,1500.0
Colombia,,7.67,7.67,7.75,7.83,7.75,7.83,10.0,10.0,10.0,7.83,,,
Colombia,Natural / Dry,7.75,7.67,8.0,7.67,8.08,7.83,10.0,10.0,10.0,7.33,442.0,442.0,442.0
Colombia,Washed / Wet,7.75,7.58,7.33,7.83,7.58,8.08,10.0,10.0,10.0,8.17,1800.0,1800.0,1800.0
Mexico,Washed / Wet,8.0,7.75,7.75,7.83,7.5,7.67,10.0,10.0,10.0,7.83,1700.0,1700.0,1700.0
Brazil,,8.17,8.0,7.5,7.75,7.5,7.67,10.0,10.0,10.0,7.75,1200.0,1350.0,1275.0
Brazil,,8.0,8.0,7.5,7.5,7.67,7.75,10.0,10.0,10.0,7.92,900.0,1200.0,1050.0
Guatemala,,7.5,7.67,7.75,7.67,7.92,7.92,10.0,10.0,10.0,7.92,1341.12,1432.56,1386.84
Taiwan,Washed / Wet,7.92,7.75,7.75,7.67,7.67,7.83,10.0,10.0,10.0,7.67,1000.0,1000.0,1000.0
Colombia,Natural / Dry,7.83,7.58,7.75,7.58,7.67,8.0,10.0,10.0,10.0,7.83,2560.0,2560.0,2560.0
Guatemala,Washed / Wet,7.75,7.75,7.58,7.92,7.75,7.75,10.0,10.0,10.0,7.75,1500.0,1500.0,1500.0
Guatemala,Washed / Wet,7.75,7.92,7.5,8.08,7.58,7.67,10.0,10.0,10.0,7.75,1099.4136,1099.4136,1099.4136
Colombia,Washed / Wet,7.67,7.67,7.75,7.75,7.67,7.92,10.0,10.0,10.0,7.83,1600.0,1950.0,1775.0
Colombia,Washed / Wet,7.83,7.67,7.75,7.58,7.92,7.75,10.0,10.0,10.0,7.75,1600.0,1950.0,1775.0
Colombia,Washed / Wet,7.83,7.75,7.83,7.58,7.67,7.75,10.0,10.0,10.0,7.83,1800.0,1800.0,1800.0
Colombia,Natural / Dry,7.42,7.67,7.83,7.75,7.92,7.83,10.0,10.0,10.0,7.83,442.0,442.0,442.0
Guatemala,Other,7.83,7.83,7.5,7.92,7.58,7.75,10.0,10.0,10.0,7.83,1219.2,1219.2,1219.2
Colombia,Washed / Wet,7.58,7.5,7.75,7.83,7.92,7.83,10.0,10.0,10.0,7.83,1700.0,1700.0,1700.0
United States (Hawaii),Natural / Dry,7.33,7.92,7.92,7.92,7.92,8.08,10.0,10.0,9.33,7.83,,,
Mexico,Semi-washed / Semi-pulped,7.83,7.92,7.67,7.83,7.5,7.75,10.0,10.0,10.0,7.75,1450.0,1450.0,1450.0
Mexico,Washed / Wet,7.83,7.83,7.75,7.67,7.83,7.58,10.0,10.0,10.0,7.75,1170.0,1170.0,1170.0
Mexico,Washed / Wet,7.83,7.92,7.67,7.75,7.5,7.75,10.0,10.0,10.0,7.83,1400.0,1400.0,1400.0
Guatemala,Washed / Wet,7.75,7.83,7.58,7.83,7.67,7.75,10.0,10.0,10.0,7.75,1700.0,1700.0,1700.0
Colombia,Washed / Wet,7.83,7.75,7.58,7.67,7.75,7.83,10.0,10.0,10.0,7.75,,,
Costa Rica,Washed / Wet,7.92,7.75,7.67,7.67,7.5,7.67,10.0,10.0,10.0,8.0,1700.0,1700.0,1700.0
Guatemala,Washed / Wet,7.75,7.75,7.58,8.0,7.67,7.83,10.0,10.0,10.0,7.58,1116.7872,1116.7872,1116.7872
Guatemala,Washed / Wet,7.75,7.92,7.58,7.92,7.67,7.67,10.0,10.0,10.0,7.67,1565.0,1565.0,1565.0
Guatemala,Washed / Wet,7.58,7.83,7.58,7.83,7.83,7.67,10.0,10.0,10.0,7.83,3280.0,3280.0,3280.0
Colombia,Washed / Wet,8.0,7.5,7.5,7.67,8.0,7.83,10.0,10.0,10.0,7.67,1600.0,1950.0,1775.0
Brazil,Natural / Dry,7.67,7.75,7.75,7.67,7.83,7.75,10.0,10.0,10.0,7.75,1150.0,1150.0,1150.0
Costa Rica,Washed / Wet,7.67,7.75,7.67,7.75,7.5,8.0,10.0,10.0,10.0,7.83,1850.0,1850.0,1850.0
Colombia,Washed / Wet,7.67,7.5,7.67,7.42,7.83,8.58,10.0,10.0,10.0,7.5,1530.0,1530.0,1530.0
Guatemala,Washed / Wet,7.67,7.75,7.67,7.75,7.75,7.75,10.0,10.0,10.0,7.83,,,
Brazil,Natural / Dry,7.58,7.83,7.75,7.67,7.67,8.0,10.0,10.0,10.0,7.67,894.0,1183.0,1038.5
Guatemala,Washed / Wet,7.92,7.75,7.67,7.67,7.83,7.92,10.0,10.0,10.0,7.42,1310.64,1310.64,1310.64
Colombia,Washed / Wet,7.75,7.75,7.75,7.75,7.83,7.75,10.0,10.0,10.0,7.58,1750.0,1750.0,1750.0
Guatemala,Natural / Dry,7.83,7.5,7.5,8.0,7.83,7.83,10.0,10.0,10.0,7.67,,,
Colombia,Washed / Wet,7.83,7.5,7.42,7.5,7.83,8.5,10.0,10.0,10.0,7.5,442.0,442.0,442.0
Taiwan,Washed / Wet,7.58,7.67,7.67,7.67,7.75,7.83,10.0,10.0,10.0,7.92,968.0,968.0,968.0
Guatemala,Washed / Wet,8.0,7.75,7.5,7.58,7.92,7.67,10.0,10.0,10.0,7.67,,,
Colombia,Washed / Wet,7.92,7.75,7.67,7.75,7.67,7.67,10.0,10.0,10.0,7.67,1600.0,1950.0,1775.0
Guatemala,Washed / Wet,7.58,7.75,7.67,8.0,7.75,7.67,10.0,10.0,10.0,7.67,1550.0,1550.0,1550.0
United States (Hawaii),Natural / Dry,7.83,7.75,7.83,7.83,7.42,8.08,9.33,10.0,10.0,8.0,,,
Mexico,Washed / Wet,7.67,7.75,7.67,7.75,7.67,7.75,10.0,10.0,10.0,7.83,1480.0,1480.0,1480.0
Costa Rica,Washed / Wet,7.58,7.75,7.67,7.75,7.83,7.75,10.0,10.0,10.0,7.67,,,
Honduras,Washed / Wet,7.42,7.83,7.75,7.92,7.75,7.58,10.0,10.0,10.0,7.75,1500.0,1500.0,1500.0
Guatemala,Washed / Wet,7.67,7.83,7.58,7.92,7.75,7.67,10.0,10.0,10.0,7.58,1658.112,1755.648,1706.88
Colombia,Washed / Wet,7.67,7.67,7.83,7.58,7.58,7.83,10.0,10.0,10.0,7.83,1600.0,1600.0,1600.0
Guatemala,Natural / Dry,7.92,7.67,7.42,7.92,7.75,7.83,10.0,10.0,10.0,7.5,1219.2,1219.2,1219.2
Guatemala,Other,7.75,7.83,7.5,7.83,7.58,7.67,10.0,10.0,10.0,7.83,1219.2,1219.2,1219.2
Colombia,Washed / Wet,7.67,7.75,7.67,7.67,7.67,7.75,10.0,10.0,10.0,7.83,1480.0,1480.0,1480.0
Colombia,Natural / Dry,7.58,7.42,7.75,7.92,7.75,7.92,10.0,10.0,10.0,7.67,1450.0,1450.0,1450.0
Colombia,Washed / Wet,7.67,7.67,7.5,7.5,7.67,7.67,10.0,10.0,10.0,8.33,1600.0,1950.0,1775.0
Brazil,Natural / Dry,7.58,7.83,7.67,7.25,8.0,7.75,10.0,10.0,10.0,7.92,1260.0,1260.0,1260.0
Colombia,Washed / Wet,7.67,7.83,7.67,7.75,7.67,7.75,10.0,10.0,10.0,7.67,1700.0,1700.0,1700.0
Brazil,Natural / Dry,7.5,7.75,7.58,7.5,7.58,7.5,10.0,10.0,10.0,8.5,890.0,890.0,890.0
Mexico,Washed / Wet,7.83,7.83,7.58,7.92,7.42,7.5,10.0,10.0,10.0,7.83,1300.0,1300.0,1300.0
Brazil,Natural / Dry,7.58,7.67,7.67,7.75,7.58,7.83,10.0,10.0,10.0,7.83,934.0,934.0,934.0
Taiwan,Washed / Wet,7.83,7.75,7.83,7.75,7.83,7.75,9.33,10.0,10.0,7.83,1200.0,1200.0,1200.0
Colombia,,7.75,7.67,7.5,7.75,7.83,7.75,10.0,10.0,10.0,7.67,442.0,442.0,442.0
Colombia,,7.75,7.58,7.5,7.83,7.75,7.92,10.0,10.0,10.0,7.58,,,
Taiwan,Natural / Dry,7.75,7.75,7.58,7.75,7.75,7.67,10.0,10.0,10.0,7.67,,,
Colombia,Washed / Wet,7.92,7.67,7.5,7.83,7.58,7.67,10.0,10.0,10.0,7.75,,,
Colombia,Washed / Wet,7.83,7.75,7.58,7.58,7.75,7.75,10.0,10.0,10.0,7.67,,,
Colombia,Washed / Wet,7.75,7.58,7.67,7.83,7.83,7.67,10.0,10.0,10.0,7.58,1600.0,1950.0,1775.0
Taiwan,Washed / Wet,8.0,7.92,7.92,7.92,7.67,7.33,10.0,10.0,10.0,7.17,950.0,950.0,950.0
Colombia,Natural / Dry,7.67,7.83,7.67,7.75,7.67,7.83,10.0,10.0,10.0,7.5,1550.0,1550.0,1550.0
Mexico,Washed / Wet,7.67,7.75,7.58,7.67,7.75,7.83,10.0,10.0,10.0,7.67,900.0,900.0,900.0
Mexico,Washed / Wet,7.5,7.67,7.58,7.83,7.75,7.75,10.0,10.0,10.0,7.83,1500.0,1500.0,1500.0
Mexico,Washed / Wet,7.75,7.92,7.83,7.92,7.75,7.67,9.33,10.0,10.0,7.75,1400.0,1400.0,1400.0
Colombia,Washed / Wet,7.92,7.58,7.5,7.83,7.58,7.67,10.0,10.0,10.0,7.75,2527.0,2527.0,2527.0
Colombia,,7.83,7.67,7.5,7.75,7.75,7.75,10.0,10.0,10.0,7.58,,,
Costa Rica,Washed / Wet,7.67,7.67,7.75,7.67,7.5,7.75,10.0,10.0,10.0,7.83,1850.0,1850.0,1850.0
Guatemala,Washed / Wet,7.75,7.75,7.5,7.75,7.83,7.58,10.0,10.0,10.0,7.67,1500.0,1500.0,1500.0
Taiwan,,7.75,7.67,7.5,7.75,7.75,7.67,10.0,10.0,10.0,7.75,1200.0,1200.0,1200.0
Brazil,Natural / Dry,7.25,7.58,7.42,8.0,7.75,7.83,10.0,10.0,10.0,8.0,1.0,1.0,1.0
Taiwan,Washed / Wet,7.67,7.75,7.67,7.75,7.42,7.75,10.0,10.0,10.0,7.83,480.0,570.0,525.0
Brazil,Semi-washed / Semi-pulped,7.67,7.67,7.58,7.5,7.83,8.17,10.0,10.0,9.33,8.08,1200.0,1200.0,1200.0
Costa Rica,Washed / Wet,7.83,7.42,7.5,7.83,7.75,7.83,10.0,10.0,10.0,7.67,1200.0,1400.0,1300.0
Guatemala,Washed / Wet,7.58,7.83,7.33,8.0,7.58,7.75,10.0,10.0,10.0,7.75,1219.2,1219.2,1219.2
Brazil,Natural / Dry,7.92,7.5,7.33,7.67,8.17,7.5,10.0,10.0,10.0,7.75,1260.0,1260.0,1260.0
Colombia,Washed / Wet,7.67,7.58,7.58,7.83,7.58,7.67,10.0,10.0,10.0,7.92,1750.0,1750.0,1750.0
Guatemala,Washed / Wet,7.5,7.83,7.5,7.83,7.83,7.67,10.0,10.0,10.0,7.67,1310.64,1310.64,1310.64
Mexico,Natural / Dry,7.67,8.0,7.67,7.42,7.67,7.5,10.0,10.0,10.0,7.92,1218.0,1218.0,1218.0
Mexico,Natural / Dry,7.67,7.58,7.5,7.75,7.75,7.75,10.0,10.0,10.0,7.83,1300.0,1300.0,1300.0
Brazil,Semi-washed / Semi-pulped,7.83,7.83,7.58,7.67,7.5,7.58,10.0,10.0,10.0,7.83,1250.0,1250.0,1250.0
Brazil,Natural / Dry,7.67,7.67,7.58,7.75,7.67,7.67,10.0,10.0,10.0,7.75,890.0,890.0,890.0
Colombia,Washed / Wet,7.83,7.83,7.58,7.58,7.58,7.58,10.0,10.0,10.0,7.75,442.0,442.0,442.0
Taiwan,Natural / Dry,7.67,7.67,7.58,7.58,7.67,7.83,10.0,10.0,10.0,7.75,750.0,750.0,750.0
Colombia,Washed / Wet,7.92,7.75,7.5,7.67,7.75,7.5,10.0,10.0,10.0,7.67,,,
Colombia,Natural / Dry,7.75,7.67,7.5,7.67,7.58,7.83,10.0,10.0,10.0,7.75,442.0,442.0,442.0
Colombia,Washed / Wet,7.67,7.67,7.67,7.92,7.5,7.67,10.0,10.0,10.0,7.67,1600.0,1950.0,1775.0
Colombia,Washed / Wet,7.67,7.42,7.42,7.42,8.0,8.33,10.0,10.0,10.0,7.5,1500.0,1600.0,1550.0
Colombia,Washed / Wet,7.58,7.67,7.75,7.67,7.67,7.67,10.0,10.0,10.0,7.75,1750.0,1750.0,1750.0
Colombia,Washed / Wet,7.75,7.67,7.75,7.58,7.42,8.0,10.0,10.0,10.0,7.58,1750.0,1750.0,1750.0
United States (Hawaii),Natural / Dry,7.25,7.42,7.67,7.58,7.83,8.25,10.0,10.0,10.0,7.75,,,
Mexico,Natural / Dry,7.83,7.58,7.58,7.5,7.75,7.67,10.0,10.0,10.0,7.83,700.0,700.0,700.0
Guatemala,Washed / Wet,7.67,7.58,7.58,7.67,7.75,7.75,10.0,10.0,10.0,7.75,1300.0,1300.0,1300.0
Colombia,,7.83,7.83,7.58,7.33,7.42,7.67,10.0,10.0,10.0,8.08,1600.0,1600.0,1600.0
Colombia,,7.75,7.67,7.25,7.25,7.58,8.5,10.0,10.0,10.0,7.75,1600.0,1600.0,1600.0
United States (Hawaii),,7.83,7.67,7.75,7.67,7.58,7.5,10.0,10.0,10.0,7.75,,,
Brazil,Natural / Dry,7.67,7.83,7.5,7.67,7.67,7.5,10.0,10.0,10.0,7.83,890.0,890.0,890.0
Honduras,Washed / Wet,7.5,7.5,7.67,7.67,8.0,8.0,10.0,10.0,10.0,7.33,1400.0,1400.0,1400.0
Brazil,Natural / Dry,7.58,7.75,7.58,7.75,7.58,7.58,10.0,10.0,10.0,7.83,934.0,934.0,934.0
Taiwan,Natural / Dry,7.5,7.67,7.33,7.92,7.83,7.67,10.0,10.0,10.0,7.75,1200.0,1200.0,1200.0
Costa Rica,,7.33,7.67,7.67,7.5,7.67,7.5,10.0,10.0,10.0,8.33,1350.0,1350.0,1350.0
Colombia,Washed / Wet,7.5,7.75,7.5,7.75,7.67,7.67,10.0,10.0,10.0,7.83,1550.0,1700.0,1625.0
Guatemala,Washed / Wet,8.0,7.5,7.33,8.0,8.0,8.0,9.33,10.0,10.0,7.5,1356.6648,1356.6648,1356.6648
Colombia,Washed / Wet,7.83,7.75,7.67,7.58,7.58,7.67,10.0,10.0,10.0,7.58,1750.0,1750.0,1750.0
Colombia,Washed / Wet,7.67,7.67,7.67,7.67,7.33,7.75,10.0,10.0,10.0,7.92,1800.0,2000.0,1900.0
Guatemala,Washed / Wet,7.67,7.67,7.42,7.67,8.0,7.75,10.0,10.0,10.0,7.5,1310.64,1310.64,1310.64
Guatemala,Washed / Wet,7.83,7.67,7.33,7.67,7.67,7.83,10.0,10.0,10.0,7.67,1310.64,1310.64,1310.64
Colombia,Washed / Wet,7.75,7.75,7.58,7.83,7.17,7.75,10.0,10.0,10.0,7.83,1750.0,1750.0,1750.0
Guatemala,Natural / Dry,8.17,8.17,7.83,7.67,8.08,7.75,9.33,9.33,9.33,8.0,1450.0,1450.0,1450.0
Guatemala,Washed / Wet,7.67,8.17,7.5,7.42,7.58,7.83,10.0,10.0,10.0,7.5,1310.64,1310.64,1310.64
Mexico,Washed / Wet,7.67,7.5,7.5,7.33,7.83,8.25,10.0,10.0,10.0,7.58,1100.0,1100.0,1100.0
Guatemala,Washed / Wet,7.67,7.5,7.33,8.0,7.67,7.67,10.0,10.0,10.0,7.83,1524.0,1524.0,1524.0
United States (Hawaii),,7.75,8.0,7.92,8.08,7.75,8.0,9.33,9.33,9.33,8.17,,,
Brazil,Natural / Dry,7.58,7.67,7.58,7.58,7.67,7.58,10.0,10.0,10.0,7.92,890.0,890.0,890.0
Guatemala,Washed / Wet,7.75,7.75,7.5,7.83,7.58,7.58,10.0,10.0,10.0,7.58,1128.3696,1128.3696,1128.3696
Colombia,Washed / Wet,7.75,7.75,7.58,7.58,7.67,7.58,10.0,10.0,10.0,7.67,,,
Colombia,Washed / Wet,7.67,7.75,7.58,7.67,7.75,7.58,10.0,10.0,10.0,7.58,1600.0,1950.0,1775.0
Mexico,Washed / Wet,7.75,7.75,7.58,7.58,7.5,7.67,10.0,10.0,10.0,7.75,1200.0,1200.0,1200.0
Colombia,Natural / Dry,7.67,7.58,7.67,7.67,7.67,7.67,10.0,10.0,10.0,7.67,1600.0,1600.0,1600.0
Colombia,Washed / Wet,7.67,7.58,7.67,7.58,7.67,7.75,10.0,10.0,10.0,7.67,1550.0,1550.0,1550.0
Colombia,Washed / Wet,7.75,7.58,7.5,7.58,7.75,7.83,10.0,10.0,10.0,7.58,1550.0,1550.0,1550.0
Taiwan,Other,7.75,7.75,7.75,7.75,7.5,7.58,10.0,10.0,10.0,7.5,1000.0,1000.0,1000.0
Colombia,Washed / Wet,7.67,7.67,7.58,7.67,7.75,7.58,10.0,10.0,10.0,7.67,1600.0,1950.0,1775.0
Mexico,Washed / Wet,7.83,7.67,7.58,7.58,7.67,7.58,10.0,10.0,10.0,7.67,1000.0,1000.0,1000.0
Colombia,Natural / Dry,7.67,7.58,7.58,7.58,7.67,7.75,10.0,10.0,10.0,7.75,2136.0,2136.0,2136.0
Brazil,Semi-washed / Semi-pulped,7.83,7.75,7.5,7.75,7.5,7.58,10.0,10.0,10.0,7.67,1100.0,1100.0,1100.0
Colombia,Washed / Wet,7.75,7.58,7.58,7.75,7.75,7.5,10.0,10.0,10.0,7.58,1799.0,1799.0,1799.0
Taiwan,,7.58,7.58,7.17,7.17,7.0,7.0,10.0,10.0,10.0,10.0,,,
Costa Rica,Washed / Wet,7.92,7.42,7.5,7.67,7.5,7.67,10.0,10.0,10.0,7.83,1850.0,1850.0,1850.0
Colombia,Natural / Dry,7.75,7.58,7.58,7.5,7.75,7.75,10.0,10.0,10.0,7.58,1000.0,1000.0,1000.0
Guatemala,Washed / Wet,7.67,7.75,7.5,7.83,7.58,7.58,10.0,10.0,10.0,7.58,1219.2,1219.2,1219.2
Colombia,Washed / Wet,7.58,7.58,7.58,7.58,7.75,7.67,10.0,10.0,10.0,7.75,1600.0,1950.0,1775.0
Colombia,Washed / Wet,7.67,7.42,7.67,7.83,7.58,7.67,10.0,10.0,10.0,7.67,,,
Colombia,Washed / Wet,8.0,7.58,7.25,7.58,7.92,7.58,10.0,10.0,10.0,7.58,1850.0,1850.0,1850.0
Guatemala,Washed / Wet,7.58,7.75,7.5,7.83,7.42,7.67,10.0,10.0,10.0,7.75,1400.0,1400.0,1400.0
Colombia,Washed / Wet,7.75,7.58,7.33,7.5,7.83,7.83,10.0,10.0,10.0,7.67,1650.0,1650.0,1650.0
Honduras,Natural / Dry,7.67,7.5,7.67,7.5,7.67,7.67,10.0,10.0,10.0,7.83,1350.0,1350.0,1350.0
Colombia,Washed / Wet,7.58,7.75,7.42,7.67,7.75,7.67,10.0,10.0,10.0,7.67,1750.0,1750.0,1750.0
Colombia,Washed / Wet,7.58,7.67,7.58,7.75,7.58,7.75,10.0,10.0,10.0,7.58,1750.0,1750.0,1750.0
Mexico,Natural / Dry,7.83,7.58,7.25,7.5,7.5,7.42,10.0,10.0,10.0,8.42,1170.0,1170.0,1170.0
Mexico,Semi-washed / Semi-pulped,7.67,7.75,7.67,7.75,7.58,7.5,10.0,10.0,10.0,7.58,940.0,940.0,940.0
Mexico,Washed / Wet,7.75,7.67,7.67,7.75,7.33,7.5,10.0,10.0,10.0,7.83,1400.0,1400.0,1400.0
Guatemala,Washed / Wet,7.83,7.5,7.5,8.0,7.67,7.5,10.0,10.0,10.0,7.5,1524.0,1524.0,1524.0
Colombia,Washed / Wet,7.67,7.58,7.58,7.67,7.67,7.67,10.0,10.0,10.0,7.67,1600.0,1950.0,1775.0
Guatemala,Washed / Wet,7.5,7.5,7.75,7.5,8.0,7.67,10.0,10.0,10.0,7.58,1402.08,1402.08,1402.08
United States (Hawaii),,7.5,7.67,7.58,7.92,7.58,7.67,10.0,10.0,10.0,7.58,,,
Colombia,Washed / Wet,7.5,7.58,7.58,7.5,7.75,7.83,10.0,10.0,10.0,7.67,439.0,439.0,439.0
Guatemala,Washed / Wet,7.67,7.75,7.5,7.58,7.58,7.67,10.0,10.0,10.0,7.67,1700.0,1700.0,1700.0
Colombia,Washed / Wet,7.67,7.67,7.5,7.67,7.67,7.58,10.0,10.0,10.0,7.67,442.0,442.0,442.0
Costa Rica,Washed / Wet,7.58,7.5,7.42,7.92,7.5,7.67,10.0,10.0,10.0,7.83,1850.0,1850.0,1850.0
Taiwan,,7.67,7.67,7.0,7.08,7.0,7.0,10.0,10.0,10.0,10.0,,,
Colombia,Natural / Dry,7.58,7.67,7.58,7.67,7.58,7.67,10.0,10.0,10.0,7.67,442.0,442.0,442.0
Brazil,Semi-washed / Semi-pulped,7.33,7.83,7.75,7.5,7.42,7.83,10.0,10.0,10.0,7.75,,,
Colombia,Washed / Wet,7.58,7.58,7.25,7.75,7.75,8.58,9.33,10.0,10.0,7.58,1813.0,1813.0,1813.0
Guatemala,Natural / Dry,7.75,7.83,7.33,7.83,7.5,7.67,10.0,10.0,10.0,7.5,1219.2,1219.2,1219.2
Guatemala,Washed / Wet,7.67,7.75,7.5,7.83,7.58,7.5,10.0,10.0,10.0,7.58,1500.0,1500.0,1500.0
Guatemala,Washed / Wet,7.67,7.5,7.75,7.42,7.75,7.75,10.0,10.0,10.0,7.58,1310.64,1310.64,1310.64
United States (Hawaii),Natural / Dry,7.42,7.75,7.67,7.58,7.67,7.67,10.0,10.0,10.0,7.67,,,
Colombia,Washed / Wet,7.5,7.75,7.58,7.5,7.67,7.75,10.0,10.0,10.0,7.67,1450.0,1450.0,1450.0
Colombia,,7.58,7.58,7.58,7.67,7.75,7.67,10.0,10.0,10.0,7.58,,,
United States (Hawaii),,7.5,7.92,7.42,7.67,7.83,7.58,10.0,10.0,10.0,7.5,,,
Mexico,,7.25,7.88,7.38,7.63,7.5,8.75,9.0,10.0,10.0,8.0,900.0,1200.0,1050.0
Colombia,Washed / Wet,7.75,7.5,7.75,7.58,7.58,7.58,10.0,10.0,10.0,7.58,1650.0,1650.0,1650.0
Colombia,Washed / Wet,7.67,7.58,7.58,7.42,7.67,7.75,10.0,10.0,10.0,7.67,,,
Colombia,Washed / Wet,7.83,7.58,7.58,7.58,7.5,7.58,10.0,10.0,10.0,7.67,,,
Brazil,Semi-washed / Semi-pulped,7.5,7.83,7.33,7.58,7.58,7.92,10.0,10.0,10.0,7.58,1227.0,1227.0,1227.0
Mexico,Washed / Wet,7.75,7.75,7.5,7.67,7.5,7.58,10.0,10.0,10.0,7.58,1200.0,1200.0,1200.0
Colombia,Washed / Wet,7.67,7.75,7.42,7.83,7.83,7.42,10.0,10.0,10.0,7.42,1650.0,1650.0,1650.0
Mexico,Washed / Wet,7.67,7.67,7.58,7.67,7.5,7.58,10.0,10.0,10.0,7.67,1100.0,1100.0,1100.0
Costa Rica,Washed / Wet,7.67,7.67,7.42,7.67,7.67,7.67,10.0,10.0,10.0,7.58,1300.0,1300.0,1300.0
United States (Hawaii),Natural / Dry,7.83,7.58,7.83,7.67,7.92,8.0,9.33,10.0,9.33,7.83,,,
Costa Rica,Washed / Wet,7.5,7.67,7.67,7.5,7.83,7.17,10.0,10.0,10.0,8.0,1100.0,1300.0,1200.0
Colombia,Natural / Dry,7.67,7.67,7.5,7.67,7.92,7.42,10.0,10.0,10.0,7.5,1000.0,1000.0,1000.0
Guatemala,Washed / Wet,7.83,7.67,7.17,7.67,7.67,7.67,10.0,10.0,10.0,7.67,1310.64,1310.64,1310.64
United States (Hawaii),Natural / Dry,7.92,7.5,7.58,7.83,7.67,7.67,9.33,10.0,10.0,7.83,,,
Colombia,Washed / Wet,7.5,7.67,7.67,7.58,7.67,7.58,10.0,10.0,10.0,7.67,1750.0,1750.0,1750.0
United States (Hawaii),,8.08,7.83,7.83,7.75,7.67,7.58,9.33,10.0,9.33,7.92,,,
United States (Hawaii),,7.58,7.67,7.58,7.5,7.83,7.67,10.0,10.0,10.0,7.5,,,
Mexico,Washed / Wet,7.67,7.83,7.42,7.83,7.33,7.5,10.0,10.0,10.0,7.67,1600.0,1600.0,1600.0
Costa Rica,Pulped natural / honey,7.5,7.5,7.83,7.5,7.67,7.67,10.0,10.0,10.0,7.58,1900.0,1900.0,1900.0
Costa Rica,Washed / Wet,7.83,7.5,7.42,7.67,7.5,7.67,10.0,10.0,10.0,7.67,,,
Guatemala,Washed / Wet,7.5,7.58,7.42,7.83,7.67,7.58,10.0,10.0,10.0,7.67,2100.0,2100.0,2100.0
Brazil,,7.58,7.67,7.42,7.5,7.67,7.42,10.0,10.0,10.0,8.0,,,
Colombia,Natural / Dry,7.58,7.67,7.67,7.17,7.75,7.83,10.0,10.0,10.0,7.58,442.0,442.0,442.0
Mexico,Natural / Dry,7.83,7.75,7.5,7.58,7.58,7.58,10.0,10.0,10.0,7.42,1261.0,1261.0,1261.0
Taiwan,Washed / Wet,7.67,7.5,7.5,7.5,7.67,7.83,10.0,10.0,10.0,7.58,1000.0,1000.0,1000.0
Taiwan,Washed / Wet,7.92,7.83,7.75,7.58,7.5,7.33,10.0,10.0,10.0,7.33,800.0,800.0,800.0
Colombia,Natural / Dry,7.58,7.58,7.5,7.58,7.58,7.75,10.0,10.0,10.0,7.67,1483.0,1483.0,1483.0
Guatemala,Washed / Wet,7.5,7.67,7.58,7.67,7.67,7.5,10.0,10.0,10.0,7.67,1500.0,1500.0,1500.0
Colombia,Washed / Wet,7.83,7.5,7.67,7.33,7.67,7.67,10.0,10.0,10.0,7.58,1750.0,1750.0,1750.0
Mexico,Washed / Wet,7.58,7.75,7.5,7.5,7.58,7.58,10.0,10.0,10.0,7.75,1300.0,1300.0,1300.0
United States (Hawaii),Natural / Dry,7.58,7.75,7.83,8.0,8.08,7.67,9.33,10.0,9.33,7.67,,,
Mexico,Washed / Wet,7.75,7.58,7.58,7.58,7.5,7.58,10.0,10.0,10.0,7.67,,,
Mexico,Washed / Wet,7.75,7.75,7.42,7.92,7.33,7.5,10.0,10.0,10.0,7.58,1000.0,1000.0,1000.0
Guatemala,Washed / Wet,7.83,7.58,7.08,7.83,7.42,8.08,10.0,10.0,10.0,7.42,1310.64,1310.64,1310.64
Brazil,Semi-washed / Semi-pulped,7.75,7.67,7.5,7.58,7.58,7.58,10.0,10.0,10.0,7.58,1200.0,1200.0,1200.0
Colombia,Washed / Wet,7.67,7.58,7.58,7.42,7.83,7.58,10.0,10.0,10.0,7.58,175.0,175.0,175.0
Colombia,Washed / Wet,7.67,7.67,7.5,7.5,7.58,7.67,10.0,10.0,10.0,7.67,1600.0,1950.0,1775.0
Colombia,,7.92,7.75,7.25,7.42,7.83,7.58,10.0,10.0,10.0,7.5,1600.0,1800.0,1700.0
Colombia,,8.0,7.67,7.67,7.25,7.67,7.5,10.0,10.0,10.0,7.5,1880.0,1880.0,1880.0
Colombia,,7.92,7.75,7.5,7.42,7.42,7.67,10.0,10.0,10.0,7.58,1800.0,1800.0,1800.0
Brazil,Natural / Dry,7.67,7.42,7.5,7.58,7.67,7.58,10.0,10.0,10.0,7.75,890.0,890.0,890.0
Guatemala,Washed / Wet,7.58,7.58,7.33,7.67,7.75,7.58,10.0,10.0,10.0,7.67,1901.0,1901.0,1901.0
Guatemala,Washed / Wet,7.67,7.75,7.42,7.75,7.58,7.5,10.0,10.0,10.0,7.5,1500.0,1500.0,1500.0
Honduras,Washed / Wet,7.67,7.67,7.5,7.67,7.5,7.67,10.0,10.0,10.0,7.5,1450.0,1450.0,1450.0
Guatemala,Washed / Wet,7.5,7.75,7.5,7.83,7.58,7.5,10.0,10.0,10.0,7.5,1500.0,1500.0,1500.0
Guatemala,Washed / Wet,7.92,7.67,7.42,7.75,7.5,7.5,10.0,10.0,10.0,7.42,1400.0,1900.0,1650.0
Colombia,Washed / Wet,7.58,7.5,7.5,7.67,7.5,7.67,10.0,10.0,10.0,7.75,1600.0,1950.0,1775.0
Colombia,Washed / Wet,7.58,7.75,7.5,7.58,7.58,7.58,10.0,10.0,10.0,7.58,,,
Honduras,Natural / Dry,7.5,7.5,7.5,7.67,7.67,7.67,10.0,10.0,10.0,7.67,1450.0,1450.0,1450.0
Honduras,Natural / Dry,7.67,7.67,7.5,7.67,7.5,7.67,10.0,10.0,10.0,7.5,1350.0,1350.0,1350.0
Guatemala,Washed / Wet,7.33,7.83,7.17,8.17,7.33,7.67,10.0,10.0,10.0,7.67,1524.0,1524.0,1524.0
United States (Hawaii),Natural / Dry,7.5,7.5,7.58,7.42,7.92,7.67,10.0,10.0,10.0,7.58,,,
Guatemala,Washed / Wet,7.67,7.83,7.33,7.67,7.5,7.67,10.0,10.0,10.0,7.5,1310.64,1310.64,1310.64
Mexico,Washed / Wet,7.75,7.58,7.58,7.58,7.5,7.42,10.0,10.0,10.0,7.75,1500.0,1500.0,1500.0
Mexico,Washed / Wet,7.75,7.67,7.58,7.5,7.42,7.58,10.0,10.0,10.0,7.67,532.0,532.0,532.0
Mexico,Washed / Wet,7.58,7.75,7.42,7.67,7.5,7.58,10.0,10.0,10.0,7.67,1089.0,1089.0,1089.0
Colombia,Washed / Wet,7.67,7.5,7.5,7.5,7.58,8.17,10.0,10.0,10.0,7.25,1600.0,1950.0,1775.0
Mexico,Washed / Wet,7.75,7.5,7.42,7.75,7.58,7.58,10.0,10.0,10.0,7.58,700.0,700.0,700.0
Colombia,Washed / Wet,7.58,7.67,7.5,7.58,7.67,7.67,10.0,10.0,10.0,7.5,1750.0,1750.0,1750.0
Mexico,Washed / Wet,7.5,7.75,7.58,7.58,7.67,7.5,10.0,10.0,10.0,7.58,1380.0,1380.0,1380.0
Brazil,Natural / Dry,7.75,7.67,7.58,7.5,7.58,7.58,10.0,10.0,10.0,7.5,1000.0,1000.0,1000.0
Brazil,Natural / Dry,7.92,7.58,7.5,7.58,7.42,7.5,10.0,10.0,10.0,7.67,950.0,950.0,950.0
Guatemala,Washed / Wet,7.75,7.5,7.67,7.5,7.92,8.0,10.0,10.0,9.33,7.5,1402.08,1402.08,1402.08
Brazil,Semi-washed / Semi-pulped,7.75,7.5,7.58,7.5,7.75,7.5,10.0,10.0,10.0,7.58,1000.0,1000.0,1000.0
Brazil,,7.58,7.75,7.67,7.5,7.67,7.58,10.0,10.0,10.0,7.42,900.0,900.0,900.0
Colombia,Washed / Wet,7.58,7.67,7.33,7.67,7.75,7.58,10.0,10.0,10.0,7.5,1799.0,1799.0,1799.0
Colombia,Washed / Wet,7.75,7.5,7.5,7.42,8.0,7.75,10.0,10.0,10.0,7.17,,,
Brazil,Pulped natural / honey,7.58,7.58,7.58,7.5,7.67,7.58,10.0,10.0,10.0,7.58,905.0,905.0,905.0
Brazil,Natural / Dry,7.33,7.67,7.67,7.33,7.75,7.42,10.0,10.0,10.0,7.92,1.0,1.0,1.0
Taiwan,Natural / Dry,7.83,7.92,7.5,7.83,7.67,7.25,9.33,10.0,10.0,7.75,700.0,800.0,750.0
Brazil,Natural / Dry,7.42,7.67,7.58,7.5,7.75,7.67,10.0,10.0,10.0,7.5,,,
Brazil,Washed / Wet,7.58,7.83,7.67,7.42,7.42,7.5,10.0,10.0,10.0,7.67,1200.0,1200.0,1200.0
Costa Rica,Washed / Wet,7.83,7.33,7.5,7.67,7.58,7.67,10.0,10.0,10.0,7.5,1200.0,1400.0,1300.0
United States (Hawaii),Natural / Dry,7.33,7.75,7.58,7.33,7.83,7.67,10.0,10.0,10.0,7.58,,,
Taiwan,Other,7.75,7.75,7.5,7.5,7.5,7.5,10.0,10.0,10.0,7.58,1300.0,1300.0,1300.0
United States (Hawaii),Natural / Dry,7.83,7.83,7.33,7.17,7.75,7.67,10.0,10.0,10.0,7.5,,,
Mexico,Washed / Wet,7.75,7.67,7.42,7.75,7.5,7.5,10.0,10.0,10.0,7.5,1400.0,1400.0,1400.0
United States (Hawaii),Natural / Dry,7.67,7.58,7.5,7.67,7.92,8.0,9.33,9.33,10.0,8.08,,,
United States (Hawaii),Washed / Wet,7.33,7.58,7.58,7.92,7.67,7.58,10.0,10.0,10.0,7.42,,,
Colombia,,7.33,7.33,7.33,7.58,7.25,8.08,10.0,10.0,10.0,8.17,1600.0,1950.0,1775.0
Colombia,,7.83,7.75,7.33,7.25,7.42,7.92,10.0,10.0,10.0,7.58,1880.0,1880.0,1880.0
Guatemala,,7.92,7.67,7.67,7.25,7.83,7.67,9.33,10.0,10.0,7.75,,,
Brazil,Natural / Dry,7.58,7.5,7.5,7.75,7.67,7.5,10.0,10.0,10.0,7.5,890.0,890.0,890.0
Brazil,Natural / Dry,7.5,7.58,7.58,7.67,7.58,7.5,10.0,10.0,10.0,7.58,894.0,894.0,894.0
Brazil,Natural / Dry,7.5,7.67,7.58,7.67,7.58,7.42,10.0,10.0,10.0,7.58,872.0,872.0,872.0
Colombia,,7.67,7.67,7.33,7.67,7.5,7.58,10.0,10.0,10.0,7.58,442.0,442.0,442.0
Guatemala,Washed / Wet,7.67,7.75,7.33,7.92,7.42,7.5,10.0,10.0,10.0,7.42,1300.0,1800.0,1550.0
Guatemala,Washed / Wet,7.75,7.67,7.33,7.75,7.5,7.42,10.0,10.0,10.0,7.58,1371.6,1371.6,1371.6
Guatemala,Washed / Wet,7.83,7.67,7.25,7.67,7.75,7.5,10.0,10.0,10.0,7.33,1500.0,1500.0,1500.0
Brazil,Natural / Dry,7.67,7.67,7.67,7.5,7.42,7.5,10.0,10.0,10.0,7.58,900.0,1100.0,1000.0
Taiwan,Washed / Wet,7.92,7.92,7.83,7.58,7.33,7.25,10.0,10.0,10.0,7.17,1200.0,1200.0,1200.0
Guatemala,Washed / Wet,7.67,7.67,7.42,7.83,7.5,7.5,10.0,10.0,10.0,7.42,1500.0,1500.0,1500.0
Costa Rica,Washed / Wet,7.67,7.58,7.5,7.58,7.5,7.5,10.0,10.0,10.0,7.67,1100.0,1300.0,1200.0
Brazil,Semi-washed / Semi-pulped,7.75,7.58,7.42,7.67,7.42,7.67,10.0,10.0,10.0,7.5,1250.0,1250.0,1250.0
Colombia,Washed / Wet,7.75,7.42,7.33,7.5,7.58,7.17,10.0,10.0,10.0,8.25,1600.0,1950.0,1775.0
Colombia,Washed / Wet,7.83,7.5,7.58,7.33,7.5,7.67,10.0,10.0,10.0,7.58,1750.0,1750.0,1750.0
Colombia,Natural / Dry,7.33,7.67,7.75,7.42,7.75,7.58,10.0,10.0,10.0,7.5,1000.0,1000.0,1000.0
Colombia,Natural / Dry,7.58,7.75,7.42,7.67,7.58,7.42,10.0,10.0,10.0,7.58,1000.0,1000.0,1000.0
Colombia,Washed / Wet,7.5,7.5,7.42,7.58,7.75,7.58,10.0,10.0,10.0,7.67,1600.0,1950.0,1775.0
Mexico,Washed / Wet,7.67,7.58,7.42,7.5,7.67,7.58,10.0,10.0,10.0,7.58,750.0,750.0,750.0
Mexico,Semi-washed / Semi-pulped,7.67,7.83,7.5,7.58,7.58,7.67,9.33,10.0,10.0,7.83,1200.0,1200.0,1200.0
Mexico,Washed / Wet,7.5,7.67,7.5,7.5,7.58,7.58,10.0,10.0,10.0,7.67,1200.0,1200.0,1200.0
Colombia,Natural / Dry,7.67,7.58,7.5,7.5,7.75,7.5,10.0,10.0,10.0,7.5,,,
Colombia,Washed / Wet,7.75,7.58,7.5,7.67,7.83,7.75,9.33,10.0,10.0,7.58,1500.0,1750.0,1625.0
Colombia,Washed / Wet,7.67,7.58,7.58,7.58,7.67,7.42,10.0,10.0,10.0,7.5,1750.0,1750.0,1750.0
Guatemala,Washed / Wet,7.5,7.67,7.5,7.67,7.5,7.83,10.0,10.0,10.0,7.33,1371.6,1371.6,1371.6
Colombia,Washed / Wet,7.67,7.67,7.58,7.5,7.67,7.42,10.0,10.0,10.0,7.5,1600.0,1950.0,1775.0
Colombia,,7.33,7.67,7.58,7.33,7.58,7.92,10.0,10.0,10.0,7.58,1050.0,1850.0,1450.0
United States (Hawaii),,7.83,7.83,7.67,7.83,7.92,7.83,9.33,9.33,9.33,8.08,,,
United States (Hawaii),,7.5,7.58,7.42,7.58,7.58,7.67,10.0,10.0,10.0,7.67,,,
Colombia,,7.5,7.58,7.67,7.67,7.58,7.58,10.0,10.0,10.0,7.42,1800.0,1800.0,1800.0
Brazil,Natural / Dry,7.67,7.58,7.5,7.58,7.58,7.5,10.0,10.0,10.0,7.5,890.0,890.0,890.0
Colombia,Washed / Wet,7.58,7.67,7.5,7.33,7.67,7.58,10.0,10.0,10.0,7.58,1500.0,1500.0,1500.0
Taiwan,Natural / Dry,7.17,7.83,7.25,7.67,7.67,7.58,10.0,10.0,10.0,7.75,350.0,350.0,350.0
Taiwan,Natural / Dry,7.5,7.58,7.67,7.33,7.5,7.75,10.0,10.0,10.0,7.58,775.0,775.0,775.0
Mexico,Natural / Dry,7.83,7.67,7.25,7.58,7.5,7.5,10.0,10.0,10.0,7.58,1059.0,1059.0,1059.0
Mexico,Washed / Wet,7.75,7.67,7.42,7.42,7.75,7.5,10.0,10.0,10.0,7.42,1300.0,1300.0,1300.0
Brazil,Semi-washed / Semi-pulped,7.08,7.5,7.5,7.83,7.75,7.67,10.0,10.0,10.0,7.58,11000.0,11000.0,11000.0
Guatemala,Washed / Wet,7.75,7.5,7.42,7.58,7.67,7.5,10.0,10.0,10.0,7.5,1500.0,1500.0,1500.0
Guatemala,Natural / Dry,7.67,7.83,7.42,7.5,7.33,7.5,10.0,10.0,10.0,7.67,1500.0,1500.0,1500.0
Guatemala,Washed / Wet,7.58,7.58,7.25,7.58,7.58,7.58,10.0,10.0,10.0,7.75,,,
Colombia,Washed / Wet,7.58,7.5,7.75,7.33,7.58,7.58,10.0,10.0,10.0,7.58,1800.0,2000.0,1900.0
Colombia,Natural / Dry,7.75,7.5,7.25,7.5,7.75,7.5,10.0,10.0,10.0,7.67,1750.0,1750.0,1750.0
Guatemala,Washed / Wet,7.83,7.75,7.25,7.92,7.5,7.17,10.0,10.0,10.0,7.5,1658.112,1755.648,1706.88
Colombia,Washed / Wet,7.83,7.67,7.42,7.42,7.5,7.58,10.0,10.0,10.0,7.5,1450.0,1450.0,1450.0
Mexico,Natural / Dry,7.58,7.58,7.33,7.25,7.58,7.75,10.0,10.0,10.0,7.83,1248.0,1248.0,1248.0
Mexico,Washed / Wet,8.0,7.92,7.67,7.17,7.67,7.42,9.33,10.0,10.0,7.75,1400.0,1400.0,1400.0
United States (Hawaii),Washed / Wet,7.5,7.5,7.5,7.42,7.67,7.83,10.0,10.0,10.0,7.5,,,
Colombia,,7.5,7.75,7.33,7.75,7.08,7.83,10.0,10.0,10.0,7.67,1050.0,1850.0,1450.0
Guatemala,Washed / Wet,7.5,7.58,7.33,7.67,7.58,7.58,10.0,10.0,10.0,7.58,1700.0,1700.0,1700.0
Brazil,Pulped natural / honey,7.67,7.58,7.58,7.5,7.5,7.42,10.0,10.0,10.0,7.58,905.0,905.0,905.0
Guatemala,Washed / Wet,7.58,7.58,7.33,7.67,7.67,7.5,10.0,10.0,10.0,7.5,1219.2,1219.2,1219.2
Brazil,Natural / Dry,7.58,7.83,7.33,7.67,7.42,7.33,10.0,10.0,10.0,7.67,900.0,900.0,900.0
Colombia,Washed / Wet,7.83,7.67,7.5,7.58,7.5,7.67,10.0,10.0,10.0,7.08,1200.0,2000.0,1600.0
Guatemala,Washed / Wet,7.67,7.67,7.75,7.67,7.42,7.17,10.0,10.0,10.0,7.5,1500.0,1500.0,1500.0
Colombia,Natural / Dry,7.5,7.42,7.58,7.5,7.58,7.58,10.0,10.0,10.0,7.67,1800.0,1800.0,1800.0
Colombia,Washed / Wet,7.83,7.5,7.5,7.42,7.5,7.5,10.0,10.0,10.0,7.58,1600.0,1950.0,1775.0
Mexico,Washed / Wet,7.58,7.67,7.5,7.58,7.5,7.5,10.0,10.0,10.0,7.5,1550.0,1550.0,1550.0
Mexico,Washed / Wet,7.67,7.58,7.42,7.75,7.42,7.42,10.0,10.0,10.0,7.58,1250.0,1250.0,1250.0
Guatemala,Washed / Wet,7.67,7.67,7.33,7.5,7.33,7.92,10.0,10.0,10.0,7.42,1310.64,1310.64,1310.64
Mexico,Washed / Wet,7.58,7.58,7.5,7.42,7.67,7.58,10.0,10.0,10.0,7.5,1380.0,1380.0,1380.0
Guatemala,Washed / Wet,7.5,7.58,7.42,7.67,7.58,7.5,10.0,10.0,10.0,7.5,1100.0,1100.0,1100.0
Guatemala,Washed / Wet,7.58,7.67,7.5,7.58,7.5,7.42,10.0,10.0,10.0,7.5,1800.0,1800.0,1800.0
Guatemala,Washed / Wet,7.5,7.67,7.17,7.67,7.67,7.58,10.0,10.0,10.0,7.5,1700.0,1700.0,1700.0
Guatemala,Washed / Wet,7.5,7.5,7.42,7.58,7.67,7.5,10.0,10.0,10.0,7.58,1219.2,1219.2,1219.2
Guatemala,Washed / Wet,7.42,7.58,7.42,7.67,7.5,7.5,10.0,10.0,10.0,7.67,1219.2,1219.2,1219.2
Guatemala,Washed / Wet,7.58,7.58,7.33,7.58,7.33,7.67,10.0,10.0,10.0,7.67,157.8864,157.8864,157.8864
Taiwan,Natural / Dry,7.83,7.67,7.33,7.67,7.58,7.67,9.33,10.0,10.0,7.67,650.0,650.0,650.0
Costa Rica,Washed / Wet,7.58,7.5,7.42,7.67,7.42,7.5,10.0,10.0,10.0,7.67,1850.0,1850.0,1850.0
Honduras,Natural / Dry,7.58,7.5,7.42,7.58,7.5,7.5,10.0,10.0,10.0,7.67,1400.0,1400.0,1400.0
Brazil,Pulped natural / honey,7.5,7.5,7.58,7.5,7.58,7.58,10.0,10.0,10.0,7.5,905.0,905.0,905.0
Colombia,Washed / Wet,7.5,7.58,7.58,7.75,7.33,7.5,10.0,10.0,10.0,7.5,1600.0,1950.0,1775.0
Guatemala,Washed / Wet,7.75,7.42,7.25,7.75,7.5,7.67,10.0,10.0,10.0,7.42,1524.0,1524.0,1524.0
Colombia,Washed / Wet,7.67,7.42,7.42,7.58,7.33,7.67,10.0,10.0,10.0,7.67,165.0,165.0,165.0
United States (Hawaii),Natural / Dry,7.67,7.58,7.42,7.83,7.33,7.5,10.0,10.0,10.0,7.42,,,
United States (Hawaii),Natural / Dry,7.58,7.83,7.75,7.75,7.42,8.0,9.33,9.33,10.0,7.75,,,
Colombia,Washed / Wet,7.58,7.33,7.17,7.33,7.25,8.58,10.0,10.0,10.0,7.5,1300.0,1300.0,1300.0
Mexico,Washed / Wet,7.58,7.58,7.5,7.5,7.5,7.5,10.0,10.0,10.0,7.58,1550.0,1550.0,1550.0
Mexico,Washed / Wet,7.58,7.58,7.33,7.75,7.25,7.58,10.0,10.0,10.0,7.67,1200.0,1200.0,1200.0
Mexico,Natural / Dry,8.08,8.17,8.0,8.0,7.83,7.92,6.67,10.0,10.0,8.08,1200.0,1200.0,1200.0
Colombia,Washed / Wet,7.5,7.58,7.42,7.67,7.5,7.58,10.0,10.0,10.0,7.5,1400.0,1850.0,1625.0
Colombia,Washed / Wet,7.67,7.58,7.58,7.58,7.5,7.42,10.0,10.0,10.0,7.42,1600.0,1950.0,1775.0
United States (Hawaii),Washed / Wet,7.25,7.75,7.5,7.83,7.67,7.67,9.33,10.0,10.0,7.75,,,
United States (Hawaii),,7.75,7.67,7.5,7.83,7.17,7.42,10.0,10.0,10.0,7.42,,,
Brazil,Natural / Dry,7.5,7.58,7.25,7.75,7.58,7.5,10.0,10.0,10.0,7.5,890.0,890.0,890.0
Brazil,Natural / Dry,7.5,7.58,7.5,7.67,7.5,7.42,10.0,10.0,10.0,7.5,934.0,934.0,934.0
Mexico,,7.5,7.67,7.42,7.75,7.42,7.17,10.0,10.0,10.0,7.75,1300.0,1300.0,1300.0
Colombia,Washed / Wet,7.75,7.5,7.33,7.58,7.33,7.75,10.0,10.0,10.0,7.42,,,
Brazil,Natural / Dry,7.58,7.5,7.42,7.67,7.5,7.5,10.0,10.0,10.0,7.5,1.0,1.0,1.0
Brazil,Natural / Dry,7.33,7.5,7.58,7.58,7.67,7.5,10.0,10.0,10.0,7.5,,,
Taiwan,Washed / Wet,8.0,7.83,7.83,7.42,7.25,7.25,10.0,10.0,10.0,7.08,1200.0,1200.0,1200.0
Mexico,Natural / Dry,7.67,7.58,7.42,7.5,7.42,7.5,10.0,10.0,10.0,7.58,1296.0,1296.0,1296.0
Taiwan,Washed / Wet,7.67,7.5,7.5,7.5,7.5,7.5,10.0,10.0,10.0,7.5,1240.0,1240.0,1240.0
Colombia,Washed / Wet,7.75,7.58,7.67,7.25,7.58,7.42,10.0,10.0,10.0,7.42,1800.0,1800.0,1800.0
Guatemala,Washed / Wet,7.67,7.67,7.17,7.67,7.5,7.5,10.0,10.0,10.0,7.5,1500.0,1500.0,1500.0
Mexico,Washed / Wet,7.58,7.58,7.42,7.58,7.42,7.5,10.0,10.0,10.0,7.58,1100.0,1100.0,1100.0
Mexico,Washed / Wet,7.5,7.58,7.58,7.58,7.42,7.42,10.0,10.0,10.0,7.58,950.0,950.0,950.0
Colombia,,7.33,7.58,7.42,7.42,7.67,7.67,10.0,10.0,10.0,7.58,1800.0,5900.0,3850.0
United States (Hawaii),,7.83,7.67,7.5,7.67,7.5,7.58,10.0,10.0,9.33,7.58,,,
Mexico,,7.75,7.58,7.25,7.75,7.67,7.58,10.0,10.0,10.0,7.08,1400.0,1400.0,1400.0
Colombia,,8.08,7.67,7.67,7.33,7.33,7.17,10.0,10.0,10.0,7.42,1800.0,1800.0,1800.0
Colombia,,7.5,7.42,7.33,7.33,7.67,7.83,10.0,10.0,10.0,7.58,,,
Guatemala,Washed / Wet,7.5,7.42,7.42,7.75,7.5,7.5,10.0,10.0,10.0,7.5,1219.2,1219.2,1219.2
Taiwan,Pulped natural / honey,7.67,7.42,7.5,7.42,7.58,7.5,10.0,10.0,10.0,7.5,1050.0,1050.0,1050.0
Brazil,Pulped natural / honey,7.5,7.58,7.42,7.5,7.75,7.33,10.0,10.0,10.0,7.5,,,
Taiwan,,7.25,7.25,7.0,7.08,7.0,7.0,10.0,10.0,10.0,10.0,200.0,200.0,200.0
Brazil,,7.42,7.42,7.5,7.33,7.25,7.67,10.0,10.0,10.0,8.0,,,
Costa Rica,Washed / Wet,7.67,7.42,7.5,7.67,7.0,7.75,10.0,10.0,10.0,7.58,1200.0,1400.0,1300.0
Mexico,Washed / Wet,7.58,7.58,7.42,7.75,7.67,7.67,9.33,10.0,10.0,7.58,,,
Guatemala,Natural / Dry,7.5,7.58,7.42,7.58,7.42,7.58,10.0,10.0,10.0,7.5,,,
Colombia,Washed / Wet,7.75,7.25,7.33,7.42,7.5,7.83,10.0,10.0,10.0,7.5,1750.0,1750.0,1750.0
Colombia,Washed / Wet,7.75,7.5,7.75,7.25,7.33,7.58,10.0,10.0,10.0,7.42,1750.0,1750.0,1750.0
Colombia,Washed / Wet,7.58,7.5,7.42,7.58,7.67,7.42,10.0,10.0,10.0,7.42,1750.0,1750.0,1750.0
Mexico,Washed / Wet,7.5,7.58,7.5,7.5,7.42,7.5,10.0,10.0,10.0,7.58,1250.0,1250.0,1250.0
Mexico,Washed / Wet,7.67,7.58,7.58,7.75,7.67,6.83,10.0,10.0,10.0,7.5,1150.0,1150.0,1150.0
Colombia,Washed / Wet,7.33,7.42,7.58,7.42,7.67,7.5,10.0,10.0,10.0,7.67,1600.0,1950.0,1775.0
Brazil,,7.58,7.5,7.33,7.75,7.5,7.5,10.0,10.0,10.0,7.42,900.0,1050.0,975.0
Brazil,Natural / Dry,7.5,7.5,7.5,7.5,7.58,7.5,10.0,10.0,10.0,7.42,890.0,890.0,890.0
Honduras,Washed / Wet,7.58,7.58,7.33,7.5,7.5,7.5,10.0,10.0,10.0,7.5,1400.0,1400.0,1400.0
Guatemala,Washed / Wet,7.5,7.5,7.33,7.5,7.67,7.5,10.0,10.0,10.0,7.5,1219.2,1219.2,1219.2
Mexico,Washed / Wet,7.42,7.58,7.5,7.67,7.25,7.5,10.0,10.0,10.0,7.58,1500.0,1700.0,1600.0
Brazil,Semi-washed / Semi-pulped,7.42,7.5,7.67,7.33,7.42,7.67,10.0,10.0,10.0,7.5,1260.0,1260.0,1260.0
Guatemala,Washed / Wet,7.83,7.42,7.33,7.67,7.42,7.5,10.0,10.0,10.0,7.33,1310.64,1310.64,1310.64
Colombia,Washed / Wet,7.5,7.5,7.42,7.42,7.58,7.58,10.0,10.0,10.0,7.5,1750.0,1750.0,1750.0
Guatemala,Washed / Wet,7.83,7.67,7.17,7.33,7.5,7.67,10.0,10.0,10.0,7.33,1310.64,1310.64,1310.64
Mexico,Washed / Wet,7.5,7.58,7.5,7.5,7.42,7.42,10.0,10.0,10.0,7.58,1679.0,1679.0,1679.0
Mexico,Washed / Wet,7.67,7.5,7.33,7.67,7.5,7.33,10.0,10.0,10.0,7.5,1100.0,1100.0,1100.0
Mexico,Semi-washed / Semi-pulped,7.92,7.5,7.33,7.58,7.25,7.42,10.0,10.0,10.0,7.5,1650.0,1650.0,1650.0
Guatemala,Natural / Dry,7.67,7.33,7.33,7.33,7.5,7.83,10.0,10.0,10.0,7.5,,,
Brazil,Semi-washed / Semi-pulped,7.67,7.42,7.33,7.67,7.5,7.5,10.0,10.0,10.0,7.42,1250.0,1250.0,1250.0
Colombia,Washed / Wet,7.67,7.5,7.33,7.5,7.25,7.67,10.0,10.0,10.0,7.58,1600.0,1950.0,1775.0
United States (Hawaii),Washed / Wet,7.33,7.42,7.33,7.75,7.42,7.67,10.0,10.0,10.0,7.58,,,
Guatemala,,7.75,7.58,7.67,7.67,7.58,7.58,9.33,10.0,10.0,7.33,1600.0,1600.0,1600.0
Honduras,Washed / Wet,7.42,7.67,7.17,7.58,7.58,7.5,10.0,10.0,10.0,7.5,1500.0,1500.0,1500.0
Guatemala,Washed / Wet,7.58,7.5,7.33,7.75,7.33,7.5,10.0,10.0,10.0,7.42,1700.0,1700.0,1700.0
Guatemala,Washed / Wet,7.67,7.58,7.25,7.67,7.42,7.33,10.0,10.0,10.0,7.5,1700.0,1700.0,1700.0
Guatemala,Washed / Wet,7.58,7.5,7.25,7.67,7.5,7.5,10.0,10.0,10.0,7.42,157.8864,157.8864,157.8864
Guatemala,Washed / Wet,7.5,7.42,7.08,7.75,7.67,7.5,10.0,10.0,10.0,7.5,,,
Colombia,Washed / Wet,5.08,7.75,7.83,7.75,7.83,8.08,10.0,10.0,10.0,8.08,1600.0,1600.0,1600.0
Brazil,,7.42,7.5,7.33,7.5,7.25,7.42,10.0,10.0,10.0,8.0,,,
Brazil,Natural / Dry,7.17,7.83,7.33,7.5,7.75,7.42,10.0,10.0,10.0,7.42,1.0,1.0,1.0
Guatemala,Washed / Wet,7.5,7.5,7.5,7.67,7.42,7.5,10.0,10.0,10.0,7.33,1400.0,1400.0,1400.0
Mexico,Washed / Wet,7.42,7.5,7.42,7.58,7.42,7.5,10.0,10.0,10.0,7.58,1296.0,1296.0,1296.0
Brazil,Semi-washed / Semi-pulped,7.58,7.67,7.33,7.5,7.5,7.42,10.0,10.0,10.0,7.42,1000.0,1000.0,1000.0
Brazil,Natural / Dry,7.25,7.33,7.25,7.5,7.42,7.5,10.0,10.0,10.0,8.17,1260.0,1260.0,1260.0
Mexico,Washed / Wet,7.5,7.58,7.5,7.92,7.42,7.67,9.33,10.0,10.0,7.5,1170.0,1170.0,1170.0
Honduras,Washed / Wet,7.25,7.67,7.42,7.17,7.75,7.5,10.0,10.0,10.0,7.67,,,
Colombia,Washed / Wet,7.67,7.42,7.33,7.5,7.58,7.5,10.0,10.0,10.0,7.42,1600.0,1950.0,1775.0
Mexico,Washed / Wet,7.5,7.42,7.42,7.67,7.42,7.58,10.0,10.0,10.0,7.42,1560.0,1560.0,1560.0
Mexico,Semi-washed / Semi-pulped,7.42,7.58,7.5,7.42,7.58,7.5,10.0,10.0,10.0,7.42,1400.0,1400.0,1400.0
Mexico,Washed / Wet,7.42,7.58,7.33,7.58,7.5,7.5,10.0,10.0,10.0,7.5,1300.0,1300.0,1300.0
Mexico,Washed / Wet,7.75,7.33,7.25,7.58,7.58,7.33,10.0,10.0,10.0,7.58,1170.0,1170.0,1170.0
Mexico,Washed / Wet,7.5,7.58,7.33,7.5,7.5,7.5,10.0,10.0,10.0,7.5,1300.0,1300.0,1300.0
Mexico,Washed / Wet,7.58,7.58,7.17,7.5,7.5,7.5,10.0,10.0,10.0,7.58,1350.0,1350.0,1350.0
Mexico,Washed / Wet,7.58,7.33,7.33,7.58,7.5,7.5,10.0,10.0,10.0,7.58,1150.0,1150.0,1150.0
Mexico,Washed / Wet,7.67,7.58,7.33,7.42,7.58,7.33,10.0,10.0,10.0,7.5,1250.0,1250.0,1250.0
Mexico,Washed / Wet,7.83,7.5,7.42,7.67,7.17,7.33,10.0,10.0,10.0,7.5,1450.0,1450.0,1450.0
Colombia,Natural / Dry,7.67,7.33,7.25,7.42,7.5,7.67,10.0,10.0,10.0,7.58,442.0,442.0,442.0
Brazil,Natural / Dry,7.75,7.5,7.42,7.42,7.5,7.42,10.0,10.0,10.0,7.42,,,
Colombia,Washed / Wet,7.33,7.58,7.17,7.58,7.42,7.58,10.0,10.0,10.0,7.75,1750.0,1750.0,1750.0
Colombia,,7.58,7.25,7.42,7.25,7.58,7.83,10.0,10.0,10.0,7.5,1750.0,1750.0,1750.0
Honduras,Washed / Wet,7.5,7.58,7.33,7.5,7.42,7.42,10.0,10.0,10.0,7.58,1396.0,1396.0,1396.0
Brazil,Natural / Dry,7.33,7.5,7.5,7.33,7.5,7.5,10.0,10.0,10.0,7.67,982.0,982.0,982.0
Brazil,Natural / Dry,7.42,7.42,7.42,7.5,7.5,7.58,10.0,10.0,10.0,7.5,,,
Brazil,Natural / Dry,7.5,7.5,7.42,7.5,7.42,7.5,10.0,10.0,10.0,7.5,934.0,934.0,934.0
Costa Rica,Washed / Wet,7.75,7.5,7.25,7.25,7.42,7.67,10.0,10.0,10.0,7.5,1850.0,1850.0,1850.0
Costa Rica,Washed / Wet,7.75,7.33,7.5,7.5,7.33,7.58,10.0,10.0,10.0,7.33,1550.0,1550.0,1550.0
Brazil,Natural / Dry,8.25,7.83,7.25,8.33,8.17,8.08,10.0,6.67,10.0,7.75,1268.0,1268.0,1268.0
Brazil,Natural / Dry,7.42,7.5,7.5,7.42,7.5,7.58,10.0,10.0,10.0,7.42,,,
Guatemala,Washed / Wet,7.5,7.42,7.17,7.83,7.5,7.5,10.0,10.0,10.0,7.42,1676.4,1676.4,1676.4
Brazil,Natural / Dry,7.75,8.08,7.67,8.08,8.08,8.0,10.0,10.0,6.67,8.0,1100.0,1100.0,1100.0
Guatemala,Washed / Wet,7.58,7.67,7.5,7.58,7.75,7.5,9.33,10.0,10.0,7.42,1524.0,1524.0,1524.0
Mexico,Washed / Wet,7.33,7.58,7.42,7.5,7.5,7.5,10.0,10.0,10.0,7.5,,,
Colombia,Washed / Wet,7.42,7.33,7.5,7.17,7.08,8.33,10.0,10.0,10.0,7.5,1300.0,1300.0,1300.0
Taiwan,Semi-washed / Semi-pulped,7.5,7.5,7.5,7.5,7.5,7.5,10.0,10.0,10.0,7.33,200.0,200.0,200.0
Taiwan,Washed / Wet,7.5,7.5,7.5,7.5,7.5,7.5,10.0,10.0,10.0,7.33,600.0,600.0,600.0
Guatemala,Washed / Wet,7.5,7.42,7.58,7.5,7.5,7.58,10.0,10.0,10.0,7.25,1310.64,1310.64,1310.64
Colombia,Washed / Wet,7.5,7.42,7.5,7.5,7.5,7.58,10.0,10.0,10.0,7.33,1750.0,1750.0,1750.0
Mexico,Washed / Wet,7.67,7.5,7.42,7.5,7.42,7.42,10.0,10.0,10.0,7.42,1300.0,1300.0,1300.0
Costa Rica,Washed / Wet,7.92,7.58,7.25,7.75,7.92,7.58,9.33,9.33,10.0,7.67,,,
Guatemala,Washed / Wet,7.67,7.5,7.33,7.67,7.5,7.33,10.0,10.0,10.0,7.33,1676.4,1828.8,1752.6
Mexico,Natural / Dry,7.58,7.67,7.58,7.33,7.0,7.58,10.0,10.0,10.0,7.58,441.0,441.0,441.0
Mexico,Washed / Wet,7.67,7.58,7.5,7.58,7.5,7.5,10.0,10.0,10.0,7.0,1170.0,1170.0,1170.0
Guatemala,Washed / Wet,7.5,7.67,7.33,7.5,7.33,7.5,10.0,10.0,10.0,7.5,1310.64,1310.64,1310.64
Brazil,Natural / Dry,7.58,7.5,7.42,7.5,7.5,7.42,10.0,10.0,10.0,7.42,1100.0,1100.0,1100.0
Mexico,Washed / Wet,8.0,7.75,7.33,7.33,7.08,7.67,9.33,10.0,10.0,7.83,1200.0,1400.0,1300.0
Brazil,Washed / Wet,7.58,7.58,7.25,7.58,7.42,7.5,10.0,10.0,10.0,7.42,950.0,950.0,950.0
Colombia,Natural / Dry,7.83,7.58,7.33,7.25,7.58,7.42,10.0,10.0,10.0,7.33,442.0,442.0,442.0
Brazil,Washed / Wet,7.58,7.5,7.25,7.42,7.67,7.33,10.0,10.0,10.0,7.5,1100.0,1100.0,1100.0
Taiwan,,7.0,7.08,7.0,7.17,7.0,7.0,10.0,10.0,10.0,10.0,,,
Guatemala,Washed / Wet,7.67,7.5,7.25,7.67,7.42,7.42,10.0,10.0,10.0,7.33,1450.0,1450.0,1450.0
Brazil,Natural / Dry,7.42,7.67,7.5,7.08,7.5,7.42,10.0,10.0,10.0,7.67,1.0,1.0,1.0
Honduras,Washed / Wet,7.58,7.5,7.42,7.58,7.42,7.42,10.0,10.0,10.0,7.33,1350.0,1350.0,1350.0
Brazil,Natural / Dry,7.75,7.58,7.42,7.42,7.33,7.33,10.0,10.0,10.0,7.42,1100.0,1100.0,1100.0
Taiwan,Washed / Wet,7.5,7.5,7.5,7.5,7.5,7.5,10.0,10.0,10.0,7.25,650.0,650.0,650.0
Mexico,Washed / Wet,7.58,7.58,7.42,7.42,7.42,7.42,10.0,10.0,10.0,7.42,1338.0,1338.0,1338.0
United States (Hawaii),Natural / Dry,7.33,7.42,7.5,7.67,7.5,7.42,10.0,10.0,10.0,7.42,,,
Mexico,Washed / Wet,7.58,7.58,7.5,7.17,7.42,7.42,10.0,10.0,10.0,7.58,533.0,533.0,533.0
Guatemala,Washed / Wet,7.5,7.5,7.33,7.58,7.67,7.33,10.0,10.0,10.0,7.33,1390.8024,1390.8024,1390.8024
Mexico,Washed / Wet,7.5,7.58,7.42,7.67,7.33,7.42,10.0,10.0,10.0,7.33,1170.0,1170.0,1170.0
Mexico,Washed / Wet,7.67,7.58,7.33,7.5,7.42,7.42,10.0,10.0,10.0,7.33,1250.0,1250.0,1250.0
Mexico,Washed / Wet,7.33,7.58,7.42,7.67,7.33,7.5,10.0,10.0,10.0,7.42,1100.0,1100.0,1100.0
Mexico,Washed / Wet,7.42,7.5,7.42,7.58,7.42,7.5,10.0,10.0,10.0,7.42,900.0,900.0,900.0
Colombia,Washed / Wet,7.5,7.42,7.67,7.33,7.58,7.33,10.0,10.0,10.0,7.42,1750.0,1750.0,1750.0
Colombia,Washed / Wet,7.67,7.33,7.33,7.33,7.5,7.5,10.0,10.0,10.0,7.58,1600.0,1950.0,1775.0
Brazil,Natural / Dry,7.67,7.58,7.42,7.0,7.5,7.58,10.0,10.0,10.0,7.5,,,
Colombia,,7.17,7.25,7.58,7.25,7.58,7.67,10.0,10.0,10.0,7.75,,,
Brazil,Natural / Dry,7.42,7.42,7.5,7.42,7.42,7.5,10.0,10.0,10.0,7.5,934.0,934.0,934.0
Honduras,Washed / Wet,7.5,7.5,7.17,7.42,7.5,7.5,10.0,10.0,10.0,7.58,1500.0,1500.0,1500.0
Brazil,Natural / Dry,6.92,7.58,7.42,7.33,7.83,7.5,10.0,10.0,10.0,7.58,1.0,1.0,1.0
Honduras,Washed / Wet,7.67,7.5,7.25,7.42,7.58,7.42,10.0,10.0,10.0,7.33,1350.0,1350.0,1350.0
Guatemala,Washed / Wet,7.42,7.42,7.5,7.5,7.42,7.5,10.0,10.0,10.0,7.42,1500.0,1500.0,1500.0
Brazil,Natural / Dry,7.58,7.5,7.42,7.25,7.5,7.42,10.0,10.0,10.0,7.5,,,
Mexico,Washed / Wet,7.42,7.33,7.17,7.42,7.33,8.17,10.0,10.0,10.0,7.33,1100.0,1100.0,1100.0
Mexico,Washed / Wet,7.5,7.5,7.33,7.42,7.5,7.42,10.0,10.0,10.0,7.5,1200.0,1600.0,1400.0
Taiwan,Other,7.5,7.5,7.5,7.5,7.5,7.5,10.0,10.0,10.0,7.17,1200.0,1200.0,1200.0
Taiwan,Washed / Wet,7.67,7.5,7.5,7.17,7.17,7.58,10.0,10.0,10.0,7.58,800.0,800.0,800.0
Colombia,Washed / Wet,7.33,7.25,7.25,7.58,7.75,7.5,10.0,10.0,10.0,7.5,1750.0,1750.0,1750.0
Mexico,Washed / Wet,7.5,7.67,7.0,7.5,7.33,7.5,10.0,10.0,10.0,7.67,1144.0,1144.0,1144.0
Guatemala,Washed / Wet,7.25,7.75,7.0,7.75,8.17,7.75,10.0,10.0,9.33,7.17,1350.0,1350.0,1350.0
Mexico,Washed / Wet,7.5,7.58,7.25,7.5,7.5,7.33,10.0,10.0,10.0,7.5,1000.0,1000.0,1000.0
Mexico,Washed / Wet,7.0,7.67,7.5,7.5,7.42,7.5,10.0,10.0,10.0,7.58,1200.0,1200.0,1200.0
Colombia,,7.58,7.67,7.42,7.17,7.17,7.75,10.0,10.0,10.0,7.42,1800.0,1800.0,1800.0
Colombia,Washed / Wet,7.75,7.58,7.42,7.67,7.83,7.58,9.33,9.33,10.0,7.58,,,
Brazil,Natural / Dry,7.42,7.58,7.42,7.5,7.42,7.25,10.0,10.0,10.0,7.5,894.0,894.0,894.0
Brazil,Natural / Dry,7.25,7.25,7.58,7.58,7.25,7.92,10.0,10.0,10.0,7.25,1.0,1.0,1.0
Costa Rica,Washed / Wet,7.75,7.42,7.42,7.25,7.17,7.42,10.0,10.0,10.0,7.67,1200.0,1400.0,1300.0
Colombia,Washed / Wet,7.5,7.42,7.42,7.42,7.67,7.42,10.0,10.0,10.0,7.25,,,
Costa Rica,Washed / Wet,7.58,7.33,7.33,7.33,7.5,7.67,10.0,10.0,10.0,7.33,13.0,13.0,13.0
United States (Hawaii),Natural / Dry,7.25,7.58,7.58,7.25,7.5,7.42,10.0,10.0,10.0,7.5,,,
Mexico,Washed / Wet,7.42,7.58,7.5,7.33,7.42,7.42,10.0,10.0,10.0,7.42,1300.0,1300.0,1300.0
Mexico,Washed / Wet,7.5,7.42,7.42,7.5,7.25,7.5,10.0,10.0,10.0,7.5,1800.0,1800.0,1800.0
Mexico,Washed / Wet,7.67,7.5,7.25,7.58,7.42,7.33,10.0,10.0,10.0,7.33,1250.0,1250.0,1250.0
Mexico,Washed / Wet,7.58,7.42,7.25,7.75,7.33,7.42,10.0,10.0,10.0,7.33,1250.0,1250.0,1250.0
United States (Hawaii),Washed / Wet,7.33,7.5,7.33,7.58,7.08,7.83,10.0,10.0,10.0,7.42,,,
Colombia,,7.67,7.42,7.67,7.33,7.25,7.58,10.0,10.0,10.0,7.17,1600.0,1600.0,1600.0
Honduras,Washed / Wet,7.5,7.5,7.17,7.5,7.5,7.42,10.0,10.0,10.0,7.42,1600.0,1600.0,1600.0
Honduras,Natural / Dry,7.5,7.5,7.25,7.33,7.42,7.5,10.0,10.0,10.0,7.5,1600.0,1600.0,1600.0
Brazil,Natural / Dry,7.5,7.33,7.42,7.5,7.33,7.42,10.0,10.0,10.0,7.5,944.0,944.0,944.0
Taiwan,Washed / Wet,7.33,7.5,7.17,7.42,7.5,7.33,10.0,10.0,10.0,7.75,600.0,600.0,600.0
Costa Rica,Washed / Wet,7.5,7.25,7.33,7.33,7.75,7.5,10.0,10.0,10.0,7.33,1200.0,1400.0,1300.0
Honduras,Washed / Wet,7.33,7.33,7.33,7.5,7.5,7.83,10.0,10.0,10.0,7.17,1400.0,1400.0,1400.0
Colombia,Washed / Wet,7.33,7.33,7.58,7.5,7.5,7.58,10.0,10.0,10.0,7.17,1800.0,2000.0,1900.0
Taiwan,Washed / Wet,7.42,7.58,7.33,7.42,8.0,7.5,9.33,10.0,10.0,7.42,600.0,700.0,650.0
Brazil,Natural / Dry,7.33,7.67,7.42,7.17,7.33,7.42,10.0,10.0,10.0,7.67,894.0,1183.0,1038.5
Mexico,Washed / Wet,7.67,7.33,7.25,7.5,7.42,7.42,10.0,10.0,10.0,7.42,940.0,940.0,940.0
Brazil,Natural / Dry,7.42,7.5,7.33,7.5,7.33,7.5,10.0,10.0,10.0,7.42,1000.0,1000.0,1000.0
Brazil,Semi-washed / Semi-pulped,7.42,7.5,7.25,7.5,7.5,7.42,10.0,10.0,10.0,7.42,1050.0,1050.0,1050.0
Guatemala,Natural / Dry,7.33,7.33,7.33,7.5,7.67,7.67,10.0,10.0,10.0,7.17,,,
Brazil,Semi-washed / Semi-pulped,7.58,7.5,7.17,7.5,7.5,7.42,10.0,10.0,10.0,7.33,950.0,950.0,950.0
Guatemala,Washed / Wet,7.75,7.33,7.33,7.42,7.75,7.67,10.0,10.0,9.33,7.42,1402.08,1402.08,1402.08
Colombia,,7.33,7.0,7.08,7.42,7.5,7.67,10.0,10.0,10.0,8.0,1600.0,1950.0,1775.0
Guatemala,Washed / Wet,7.58,7.5,7.25,7.58,7.58,7.5,9.33,10.0,10.0,7.58,1901.0,1901.0,1901.0
Guatemala,Washed / Wet,7.5,7.5,7.25,7.42,7.42,7.42,10.0,10.0,10.0,7.42,1219.2,1219.2,1219.2
Honduras,Washed / Wet,7.58,7.5,7.25,7.33,7.42,7.5,10.0,10.0,10.0,7.33,1400.0,1400.0,1400.0
Brazil,Natural / Dry,7.42,7.33,7.33,7.5,7.5,7.33,10.0,10.0,10.0,7.5,1020.0,1020.0,1020.0
Guatemala,Washed / Wet,7.58,7.58,7.17,7.83,7.17,7.33,10.0,10.0,10.0,7.25,1300.0,1800.0,1550.0
Honduras,Washed / Wet,7.42,7.33,7.33,7.58,7.33,7.5,10.0,10.0,10.0,7.42,,,
Taiwan,Other,7.5,7.5,7.42,7.25,7.5,7.5,10.0,10.0,10.0,7.25,1000.0,1000.0,1000.0
Mexico,Washed / Wet,7.58,7.5,7.25,7.58,7.5,7.25,10.0,10.0,10.0,7.25,1300.0,1300.0,1300.0
Mexico,Semi-washed / Semi-pulped,7.5,7.5,7.25,7.25,7.5,7.5,10.0,10.0,10.0,7.42,981.0,981.0,981.0
Mexico,Washed / Wet,7.5,7.42,7.25,7.5,7.33,7.33,10.0,10.0,10.0,7.58,690.0,690.0,690.0
Mexico,Washed / Wet,7.33,7.58,7.17,7.58,7.42,7.33,10.0,10.0,10.0,7.5,1650.0,1650.0,1650.0
Mexico,Washed / Wet,7.67,7.42,7.33,7.83,7.5,7.5,9.33,10.0,10.0,7.33,1000.0,1000.0,1000.0
Brazil,Natural / Dry,7.42,7.58,7.25,7.5,7.33,7.5,10.0,10.0,10.0,7.33,1100.0,1100.0,1100.0
Colombia,,7.67,7.33,7.33,7.58,7.33,7.33,10.0,10.0,10.0,7.33,1600.0,1600.0,1600.0
Guatemala,Washed / Wet,7.42,7.5,7.25,7.5,7.33,7.42,10.0,10.0,10.0,7.42,157.8864,157.8864,157.8864
Costa Rica,Pulped natural / honey,7.25,7.33,7.5,7.33,7.67,7.42,10.0,10.0,10.0,7.33,1900.0,1900.0,1900.0
Brazil,Natural / Dry,7.42,7.5,7.42,7.5,7.42,7.25,10.0,10.0,10.0,7.33,973.0,973.0,973.0
Guatemala,Washed / Wet,7.58,7.5,7.33,7.42,7.58,7.25,10.0,10.0,10.0,7.17,3280.0,3280.0,3280.0
Brazil,Natural / Dry,7.17,7.58,6.83,7.5,7.75,7.25,10.0,10.0,10.0,7.75,1.0,1.0,1.0
Brazil,Natural / Dry,7.58,7.0,6.92,6.92,7.67,7.5,10.0,10.0,10.0,8.25,1.0,1.0,1.0
Mexico,Washed / Wet,7.58,7.5,7.33,7.5,7.17,7.33,10.0,10.0,10.0,7.42,1350.0,1500.0,1425.0
Honduras,Washed / Wet,7.5,7.5,7.33,7.5,7.42,7.25,10.0,10.0,10.0,7.33,1400.0,1400.0,1400.0
Costa Rica,Washed / Wet,7.67,7.5,7.5,7.25,7.08,7.42,10.0,10.0,10.0,7.42,1200.0,1400.0,1300.0
Taiwan,Washed / Wet,7.67,7.33,7.17,7.25,7.75,7.33,10.0,10.0,10.0,7.33,700.0,700.0,700.0
Brazil,Natural / Dry,7.33,7.58,7.25,7.17,7.83,7.33,10.0,10.0,10.0,7.33,1100.0,1100.0,1100.0
Honduras,Natural / Dry,7.5,7.5,7.33,7.33,7.33,7.33,10.0,10.0,10.0,7.5,1350.0,1350.0,1350.0
Mexico,Washed / Wet,7.42,7.42,7.25,7.5,7.33,7.42,10.0,10.0,10.0,7.5,1550.0,1550.0,1550.0
Colombia,Washed / Wet,7.5,7.5,7.0,7.42,7.5,7.58,10.0,10.0,10.0,7.33,1600.0,1950.0,1775.0
United States (Hawaii),Natural / Dry,7.83,7.83,7.83,8.0,7.83,7.83,10.0,6.67,10.0,8.0,,,
Brazil,Semi-washed / Semi-pulped,7.75,7.75,7.5,7.42,7.83,7.75,9.33,9.33,9.33,7.83,1250.0,1250.0,1250.0
Guatemala,Washed / Wet,7.83,7.67,7.33,7.33,7.67,7.83,9.33,10.0,9.33,7.5,1310.64,1310.64,1310.64
Mexico,Washed / Wet,7.83,7.33,7.25,7.58,7.25,7.33,10.0,10.0,10.0,7.25,1500.0,1500.0,1500.0
Mexico,Semi-washed / Semi-pulped,7.33,7.33,7.25,7.5,7.5,7.5,10.0,10.0,10.0,7.42,1250.0,1250.0,1250.0
Brazil,,7.33,7.67,7.25,7.5,7.5,7.25,10.0,10.0,10.0,7.33,900.0,950.0,925.0
Colombia,,7.58,7.5,7.17,7.58,7.33,7.33,10.0,10.0,10.0,7.33,1600.0,1800.0,1700.0
United States (Hawaii),,7.25,7.58,7.83,7.67,7.75,7.75,9.33,9.33,10.0,7.33,,,
Guatemala,Washed / Wet,7.5,7.5,7.25,7.42,7.42,7.33,10.0,10.0,10.0,7.33,1700.0,1700.0,1700.0
Brazil,Natural / Dry,7.17,7.25,7.17,7.25,7.42,8.25,10.0,10.0,10.0,7.25,,,
Mexico,Washed / Wet,7.5,7.5,7.33,7.42,7.25,7.25,10.0,10.0,10.0,7.5,774.0,774.0,774.0
Mexico,Washed / Wet,7.42,7.5,7.17,7.67,7.33,7.42,10.0,10.0,10.0,7.25,1250.0,1250.0,1250.0
Mexico,Washed / Wet,7.42,7.5,7.33,7.58,7.33,7.33,10.0,10.0,10.0,7.25,1100.0,1100.0,1100.0
Mexico,Washed / Wet,7.33,7.42,7.33,7.67,7.42,7.25,10.0,10.0,10.0,7.33,1550.0,1550.0,1550.0
Mexico,Washed / Wet,7.5,7.42,7.25,7.33,7.67,7.25,10.0,10.0,10.0,7.33,1650.0,1650.0,1650.0
Colombia,Washed / Wet,7.33,7.42,7.33,7.33,7.5,7.67,10.0,10.0,10.0,7.17,1750.0,1750.0,1750.0
Colombia,,7.42,7.58,6.92,7.08,7.25,8.0,10.0,10.0,10.0,7.5,1600.0,1950.0,1775.0
Brazil,Natural / Dry,7.42,7.5,7.25,7.5,7.5,7.25,10.0,10.0,10.0,7.25,890.0,890.0,890.0
Guatemala,Washed / Wet,7.42,7.42,7.08,7.42,7.33,7.42,10.0,10.0,10.0,7.58,1700.0,1700.0,1700.0
Guatemala,Washed / Wet,7.42,7.33,7.17,7.67,7.33,7.42,10.0,10.0,10.0,7.33,1219.2,1219.2,1219.2
Honduras,Washed / Wet,7.58,7.5,7.33,7.33,7.42,7.25,10.0,10.0,10.0,7.25,1450.0,1450.0,1450.0
Colombia,,7.75,7.75,7.75,7.67,5.25,7.83,10.0,10.0,10.0,7.67,,,
Brazil,Natural / Dry,7.25,7.75,6.92,7.42,7.5,7.58,10.0,10.0,10.0,7.25,1.0,1.0,1.0
Brazil,Washed / Wet,7.25,7.42,7.25,7.5,7.5,7.42,10.0,10.0,10.0,7.33,1260.0,1260.0,1260.0
Honduras,Natural / Dry,7.5,7.33,7.5,7.5,7.17,7.17,10.0,10.0,10.0,7.5,1400.0,1400.0,1400.0
Costa Rica,Washed / Wet,7.5,7.17,7.17,7.17,7.5,7.08,10.0,10.0,10.0,8.08,1850.0,1850.0,1850.0
Mexico,Washed / Wet,7.42,7.42,7.67,8.0,7.58,7.5,9.33,9.33,10.0,7.42,,,
Taiwan,Semi-washed / Semi-pulped,7.5,7.5,7.5,7.25,7.42,7.25,10.0,10.0,10.0,7.25,150.0,150.0,150.0
Taiwan,Washed / Wet,7.58,7.42,7.33,7.42,7.33,7.33,10.0,10.0,10.0,7.25,750.0,750.0,750.0
Mexico,Washed / Wet,7.5,7.42,7.08,7.58,7.33,7.33,10.0,10.0,10.0,7.42,1400.0,1400.0,1400.0
Guatemala,Washed / Wet,7.5,7.67,7.33,7.33,7.33,7.33,10.0,10.0,10.0,7.17,1676.4,1828.8,1752.6
Mexico,Washed / Wet,7.25,7.67,7.58,7.67,7.67,7.58,8.67,10.0,10.0,7.58,1650.0,1650.0,1650.0
Mexico,Washed / Wet,7.67,7.25,7.17,7.75,7.5,7.25,10.0,10.0,10.0,7.08,1400.0,1400.0,1400.0
Mexico,Washed / Wet,7.5,7.42,7.33,7.42,7.42,7.42,10.0,10.0,10.0,7.17,1200.0,1200.0,1200.0
Mexico,Washed / Wet,7.58,7.42,7.25,7.58,7.25,7.17,10.0,10.0,10.0,7.42,1400.0,1400.0,1400.0
Mexico,Semi-washed / Semi-pulped,7.75,7.58,7.25,7.17,7.58,7.33,9.33,10.0,10.0,7.67,940.0,940.0,940.0
United States (Hawaii),Washed / Wet,7.42,7.33,7.33,7.33,7.17,7.83,10.0,10.0,10.0,7.25,,,
Honduras,Washed / Wet,7.5,7.42,7.08,7.42,7.5,7.33,10.0,10.0,10.0,7.33,1200.0,1200.0,1200.0
Guatemala,Washed / Wet,7.42,7.42,7.08,7.5,7.42,7.33,10.0,10.0,10.0,7.42,190164.0,190164.0,190164.0
Taiwan,Washed / Wet,7.42,7.42,7.25,7.67,7.33,7.25,10.0,10.0,10.0,7.25,800.0,800.0,800.0
Costa Rica,Washed / Wet,7.58,7.42,7.5,7.17,7.08,7.58,10.0,10.0,10.0,7.25,13.0,13.0,13.0
Taiwan,Semi-washed / Semi-pulped,7.33,7.17,7.08,7.08,8.33,8.25,10.0,10.0,9.33,7.0,850.0,850.0,850.0
Brazil,Washed / Wet,7.42,7.42,7.33,7.33,7.5,7.25,10.0,10.0,10.0,7.33,1260.0,1260.0,1260.0
Guatemala,Washed / Wet,7.42,7.33,7.17,7.58,7.42,7.5,10.0,10.0,10.0,7.17,1310.64,1310.64,1310.64
Mexico,Washed / Wet,7.67,7.5,7.42,7.5,6.75,7.42,10.0,10.0,10.0,7.33,1400.0,1400.0,1400.0
Mexico,Natural / Dry,7.33,7.5,7.25,7.5,7.5,7.17,10.0,10.0,10.0,7.33,1600.0,1600.0,1600.0
Mexico,Natural / Dry,7.67,7.58,7.42,7.58,7.58,7.42,10.0,10.0,8.67,7.67,1650.0,1650.0,1650.0
Costa Rica,,7.25,7.17,7.33,7.33,7.5,7.75,10.0,10.0,10.0,7.25,1371.6,1828.8,1600.2
Guatemala,Washed / Wet,7.67,7.58,7.17,7.42,7.33,7.42,9.33,10.0,10.0,7.58,1219.2,1219.2,1219.2
Honduras,Washed / Wet,7.5,7.5,7.33,7.42,7.17,7.25,10.0,10.0,10.0,7.33,1400.0,1400.0,1400.0
Guatemala,,7.5,7.42,7.25,7.25,7.5,7.25,10.0,10.0,10.0,7.33,,,
Taiwan,Natural / Dry,7.5,7.42,7.33,7.08,7.58,7.25,10.0,10.0,10.0,7.33,160.0,200.0,180.0
Costa Rica,Washed / Wet,7.83,7.33,7.08,7.08,7.33,7.5,10.0,10.0,10.0,7.33,1200.0,1200.0,1200.0
Guatemala,Washed / Wet,7.5,7.42,7.17,7.58,7.25,7.42,10.0,10.0,10.0,7.17,1219.2,1219.2,1219.2
Taiwan,Washed / Wet,7.42,7.33,7.67,7.33,7.42,7.5,10.0,10.0,9.33,7.5,900.0,900.0,900.0
Brazil,Semi-washed / Semi-pulped,7.58,7.5,7.5,7.67,7.67,7.83,9.33,9.33,9.33,7.75,1200.0,1200.0,1200.0
Taiwan,Other,7.5,7.42,7.25,7.25,7.33,7.33,10.0,10.0,10.0,7.42,600.0,600.0,600.0
Mexico,Washed / Wet,7.33,7.33,7.17,7.42,7.5,7.5,10.0,10.0,10.0,7.25,1150.0,1150.0,1150.0
Mexico,Washed / Wet,7.58,7.42,7.25,7.42,7.33,7.33,10.0,10.0,10.0,7.17,1600.0,1600.0,1600.0
Mexico,Washed / Wet,7.42,7.25,7.17,7.42,7.17,8.0,10.0,10.0,10.0,7.08,1100.0,1100.0,1100.0
Mexico,Semi-washed / Semi-pulped,7.33,7.5,7.33,7.33,7.33,7.42,10.0,10.0,10.0,7.25,1000.0,1000.0,1000.0
Mexico,Washed / Wet,7.42,7.42,7.33,7.17,7.25,7.42,10.0,10.0,10.0,7.5,1250.0,1250.0,1250.0
Mexico,Natural / Dry,7.5,7.5,7.25,7.5,7.42,7.58,9.33,10.0,10.0,7.42,1100.0,1100.0,1100.0
Brazil,Semi-washed / Semi-pulped,7.5,7.42,7.17,7.42,7.5,7.33,10.0,10.0,10.0,7.17,125.0,125.0,125.0
Guatemala,Washed / Wet,7.33,7.5,7.33,7.42,7.17,7.33,10.0,10.0,10.0,7.42,,,
Colombia,,7.42,7.42,7.17,7.42,7.42,7.33,10.0,10.0,10.0,7.33,1050.0,1850.0,1450.0
United States (Hawaii),,7.33,7.33,7.33,7.5,7.5,7.83,9.33,10.0,10.0,7.33,,,
Mexico,Washed / Wet,7.58,7.33,7.08,7.33,7.5,7.33,10.0,10.0,10.0,7.25,1100.0,1100.0,1100.0
Guatemala,Washed / Wet,7.42,7.33,7.08,7.58,7.33,7.25,10.0,10.0,10.0,7.42,1371.6,1371.6,1371.6
Brazil,Natural / Dry,7.33,7.5,7.5,7.33,6.83,7.42,10.0,10.0,10.0,7.5,1100.0,1100.0,1100.0
Honduras,Washed / Wet,7.5,7.33,7.17,7.25,7.5,7.42,10.0,10.0,10.0,7.25,1400.0,1400.0,1400.0
Taiwan,Washed / Wet,7.83,7.75,7.42,7.17,7.08,7.08,10.0,10.0,10.0,7.08,110.0,110.0,110.0
Brazil,Natural / Dry,7.25,7.5,7.42,7.17,7.33,7.33,10.0,10.0,10.0,7.42,1100.0,1100.0,1100.0
Guatemala,Washed / Wet,7.42,7.5,7.17,7.42,7.42,7.42,10.0,10.0,10.0,7.08,1550.0,1550.0,1550.0
Mexico,Washed / Wet,7.67,7.33,7.25,7.17,7.25,7.42,10.0,10.0,10.0,7.33,1550.0,1550.0,1550.0
Guatemala,Washed / Wet,7.42,7.33,7.25,7.42,7.42,7.5,10.0,10.0,10.0,7.08,1310.64,1310.64,1310.64
Mexico,Washed / Wet,7.42,7.33,7.25,7.17,7.25,7.42,10.0,10.0,10.0,7.58,763.0,763.0,763.0
Mexico,Washed / Wet,7.42,7.42,7.25,7.25,7.5,7.33,10.0,10.0,10.0,7.25,1100.0,1100.0,1100.0
Colombia,Natural / Dry,7.5,7.42,7.25,7.17,7.17,7.75,10.0,10.0,10.0,7.17,1750.0,1750.0,1750.0
Colombia,,7.75,7.33,7.42,7.0,7.33,7.25,10.0,10.0,10.0,7.33,1880.0,1880.0,1880.0
United States (Hawaii),,7.83,7.0,7.0,7.58,7.58,7.5,10.0,10.0,10.0,6.92,,,
Colombia,Washed / Wet,7.5,7.33,7.33,7.17,7.33,7.42,10.0,10.0,10.0,7.25,,,
Honduras,Washed / Wet,7.5,7.5,7.0,7.17,7.5,7.33,10.0,10.0,10.0,7.33,1500.0,1500.0,1500.0
Mexico,,7.67,7.42,7.0,7.42,7.58,7.08,10.0,10.0,10.0,7.17,1130.0,1130.0,1130.0
Brazil,Natural / Dry,7.25,7.33,7.33,7.33,7.33,7.42,10.0,10.0,10.0,7.33,1100.0,1100.0,1100.0
Honduras,Washed / Wet,7.58,7.42,7.17,7.42,7.17,7.17,10.0,10.0,10.0,7.42,1350.0,1350.0,1350.0
Brazil,Other,7.17,7.33,7.42,7.25,7.42,7.33,10.0,10.0,10.0,7.42,1200.0,1200.0,1200.0
Honduras,Washed / Wet,7.33,7.33,7.17,7.33,7.5,7.33,10.0,10.0,10.0,7.33,1450.0,1450.0,1450.0
Mexico,Washed / Wet,7.58,7.42,7.25,7.33,7.25,7.25,10.0,10.0,10.0,7.25,1800.0,1800.0,1800.0
Mexico,Washed / Wet,7.33,7.25,7.17,7.42,7.58,7.33,10.0,10.0,10.0,7.25,1000.0,1000.0,1000.0
Brazil,Natural / Dry,7.5,7.58,7.5,7.5,7.75,7.83,9.33,9.33,9.33,7.58,1100.0,1100.0,1100.0
Taiwan,Natural / Dry,7.83,7.75,7.67,7.83,7.83,7.75,9.33,10.0,10.0,5.25,680.0,680.0,680.0
Brazil,Natural / Dry,7.17,7.42,7.17,7.08,6.92,8.17,10.0,10.0,10.0,7.33,1.0,1.0,1.0
Honduras,Washed / Wet,7.42,7.17,7.17,7.5,7.33,7.25,10.0,10.0,10.0,7.42,1400.0,1400.0,1400.0
Guatemala,Washed / Wet,7.33,7.42,7.17,7.25,7.42,7.33,10.0,10.0,10.0,7.33,1700.0,1700.0,1700.0
Taiwan,Semi-washed / Semi-pulped,7.5,7.5,7.25,7.25,7.25,7.25,10.0,10.0,10.0,7.25,650.0,650.0,650.0
Guatemala,Washed / Wet,7.5,7.33,7.5,7.58,7.0,7.25,10.0,10.0,10.0,7.08,1524.0,1524.0,1524.0
Mexico,Washed / Wet,7.42,7.42,7.33,7.33,7.5,7.42,9.33,10.0,10.0,7.5,1500.0,1500.0,1500.0
Mexico,Washed / Wet,7.75,7.58,7.08,7.25,7.08,7.25,10.0,10.0,10.0,7.17,1200.0,1200.0,1200.0
Costa Rica,Washed / Wet,7.5,7.5,7.33,7.17,7.08,7.17,10.0,10.0,10.0,7.42,1200.0,1400.0,1300.0
Honduras,Natural / Dry,7.42,7.33,7.0,7.42,7.33,7.33,10.0,10.0,10.0,7.33,1450.0,1450.0,1450.0
Costa Rica,Washed / Wet,7.33,7.08,7.33,7.25,7.33,7.58,10.0,10.0,10.0,7.25,1200.0,1400.0,1300.0
Brazil,Natural / Dry,7.42,7.42,7.17,7.42,7.33,7.25,10.0,10.0,10.0,7.17,,,
Mexico,Natural / Dry,7.42,7.25,7.08,7.75,7.42,7.17,10.0,10.0,10.0,7.08,1800.0,1800.0,1800.0
Guatemala,Washed / Wet,7.42,7.25,7.33,7.25,7.25,7.42,10.0,10.0,10.0,7.25,1450.0,1450.0,1450.0
Brazil,Natural / Dry,7.42,7.33,7.25,7.42,7.5,7.17,10.0,10.0,10.0,7.08,1000.0,1000.0,1000.0
United States (Hawaii),,7.25,7.75,7.67,7.67,7.42,7.67,8.67,9.33,10.0,7.75,,,
Brazil,Natural / Dry,7.58,7.42,7.5,7.25,7.75,7.58,9.33,10.0,9.33,7.33,695.0,695.0,695.0
Costa Rica,Washed / Wet,7.42,7.25,7.17,7.25,7.25,7.58,10.0,10.0,10.0,7.17,1500.0,1500.0,1500.0
Mexico,Washed / Wet,7.25,7.42,7.33,7.33,7.17,7.33,10.0,10.0,10.0,7.25,1650.0,1650.0,1650.0
Mexico,Washed / Wet,7.33,7.25,7.33,7.42,7.25,7.42,10.0,10.0,10.0,7.08,1300.0,1300.0,1300.0
Mexico,Washed / Wet,7.33,7.33,7.25,7.42,7.25,7.25,10.0,10.0,10.0,7.25,1642.0,1642.0,1642.0
Mexico,Washed / Wet,7.42,7.33,7.25,7.42,7.17,7.25,10.0,10.0,10.0,7.25,1200.0,1200.0,1200.0
United States (Hawaii),Washed / Wet,7.42,7.42,7.25,7.58,6.92,7.17,10.0,10.0,10.0,7.33,,,
Brazil,Pulped natural / honey,7.25,7.25,7.17,7.5,7.33,7.17,10.0,10.0,10.0,7.33,,,
Brazil,Pulped natural / honey,7.33,7.17,7.17,7.67,7.33,7.17,10.0,10.0,10.0,7.17,,,
Guatemala,Washed / Wet,7.42,7.25,7.17,7.5,7.25,7.17,10.0,10.0,10.0,7.25,3280.0,3280.0,3280.0
Colombia,Washed / Wet,7.67,7.5,7.42,5.25,7.67,7.75,10.0,10.0,10.0,7.75,1600.0,1600.0,1600.0
Guatemala,Washed / Wet,7.5,7.25,7.0,7.25,7.5,7.25,10.0,10.0,10.0,7.25,1219.2,1219.2,1219.2
Taiwan,Washed / Wet,7.25,7.17,7.17,7.25,7.5,7.33,10.0,10.0,10.0,7.33,758.0,758.0,758.0
Honduras,Natural / Dry,7.42,7.25,7.25,7.33,7.25,7.17,10.0,10.0,10.0,7.33,1350.0,1350.0,1350.0
Brazil,Natural / Dry,7.67,7.75,7.83,7.75,7.83,7.75,10.0,6.67,10.0,7.75,,,
Taiwan,Semi-washed / Semi-pulped,7.5,6.92,7.33,7.33,7.33,7.33,10.0,10.0,10.0,7.25,1100.0,1100.0,1100.0
Mexico,Washed / Wet,7.08,7.33,7.33,7.33,7.42,7.25,10.0,10.0,10.0,7.25,950.0,950.0,950.0
Mexico,Washed / Wet,7.58,7.67,7.5,7.67,7.58,7.5,8.0,10.0,10.0,7.5,1100.0,1100.0,1100.0
Taiwan,Washed / Wet,7.33,7.17,7.25,7.33,7.33,7.25,10.0,10.0,10.0,7.25,200.0,200.0,200.0
Guatemala,Washed / Wet,7.67,7.67,7.33,7.58,7.67,7.5,9.33,9.33,9.33,7.5,1901.0,1901.0,1901.0
Mexico,Washed / Wet,7.5,7.33,7.17,7.42,7.5,7.33,9.33,10.0,10.0,7.33,1100.0,1100.0,1100.0
United States (Hawaii),Natural / Dry,7.42,7.08,7.17,7.17,7.58,7.25,10.0,10.0,10.0,7.25,,,
Brazil,Natural / Dry,7.25,7.33,7.25,7.25,7.25,7.33,10.0,10.0,10.0,7.25,1200.0,1200.0,1200.0
Taiwan,Washed / Wet,7.92,7.67,7.33,7.08,7.08,7.08,10.0,10.0,10.0,6.75,550.0,550.0,550.0
Brazil,Natural / Dry,7.17,7.42,7.17,7.25,7.25,7.33,10.0,10.0,10.0,7.33,1100.0,1100.0,1100.0
Guatemala,Washed / Wet,7.58,7.42,6.92,7.5,7.25,7.17,10.0,10.0,10.0,7.08,1524.0,1524.0,1524.0
Taiwan,Washed / Wet,7.42,7.25,7.25,7.25,7.25,7.25,10.0,10.0,10.0,7.25,900.0,900.0,900.0
Taiwan,Other,7.25,7.17,7.08,7.08,7.08,8.08,10.0,10.0,10.0,7.17,688.0,688.0,688.0
Taiwan,Washed / Wet,7.42,7.25,7.25,7.25,7.25,7.25,10.0,10.0,10.0,7.25,300.0,300.0,300.0
Mexico,Washed / Wet,7.58,7.33,7.08,7.5,7.17,7.25,10.0,10.0,10.0,7.0,1186.0,1186.0,1186.0
Guatemala,Washed / Wet,7.67,7.25,7.08,7.33,7.17,7.25,10.0,10.0,10.0,7.08,1200.0,1200.0,1200.0
Mexico,Semi-washed / Semi-pulped,7.17,7.08,7.25,7.42,7.25,7.33,10.0,10.0,10.0,7.33,1210.0,1210.0,1210.0
Mexico,Washed / Wet,7.33,7.25,7.33,7.33,7.25,7.17,10.0,10.0,10.0,7.17,1100.0,1100.0,1100.0
Mexico,Washed / Wet,7.5,7.17,7.33,7.25,7.17,7.17,10.0,10.0,10.0,7.25,100.0,100.0,100.0
United States (Hawaii),Washed / Wet,7.42,7.33,7.0,7.25,7.33,7.5,10.0,10.0,10.0,7.0,,,
Colombia,,7.33,7.33,7.0,6.83,7.33,7.67,10.0,10.0,10.0,7.33,1800.0,1800.0,1800.0
Brazil,Natural / Dry,7.17,7.25,7.08,7.17,7.25,7.58,10.0,10.0,10.0,7.25,,,
Guatemala,Washed / Wet,7.5,7.33,7.0,7.42,7.17,7.17,10.0,10.0,10.0,7.17,1658.112,1755.648,1706.88
Honduras,Natural / Dry,7.5,7.33,7.0,7.42,7.25,7.17,10.0,10.0,10.0,7.08,1450.0,1450.0,1450.0
Honduras,Washed / Wet,7.42,7.17,7.08,7.42,7.25,7.25,10.0,10.0,10.0,7.17,1350.0,1350.0,1350.0
Honduras,Natural / Dry,7.25,7.33,7.08,7.5,7.25,7.33,10.0,10.0,10.0,7.0,1450.0,1450.0,1450.0
Costa Rica,Washed / Wet,7.33,7.33,7.25,7.25,7.17,7.17,10.0,10.0,10.0,7.25,1300.0,1300.0,1300.0
Mexico,Washed / Wet,7.58,7.33,7.42,7.25,7.5,7.5,9.33,9.33,10.0,7.5,1200.0,1200.0,1200.0
United States (Hawaii),Natural / Dry,7.08,7.33,7.17,7.25,7.33,7.67,10.0,10.0,10.0,6.92,,,
Taiwan,Other,7.33,7.08,7.08,7.08,7.42,7.33,10.0,10.0,10.0,7.33,,,
Guatemala,Washed / Wet,7.67,7.42,6.83,7.17,7.42,7.17,10.0,10.0,10.0,7.0,1500.0,1500.0,1500.0
Costa Rica,Washed / Wet,7.83,7.5,7.67,7.67,7.83,7.5,6.67,10.0,10.0,8.0,185.0,185.0,185.0
Mexico,Washed / Wet,7.25,7.17,7.17,7.25,7.17,7.42,10.0,10.0,10.0,7.25,1200.0,1200.0,1200.0
Colombia,Natural / Dry,7.67,7.5,7.42,7.67,7.5,7.75,10.0,10.0,6.67,8.5,1550.0,1550.0,1550.0
Guatemala,Washed / Wet,7.67,7.17,7.0,7.5,7.0,7.0,10.0,10.0,10.0,7.33,1550.0,1550.0,1550.0
Guatemala,Washed / Wet,7.0,7.33,7.5,7.33,7.0,7.33,10.0,10.0,10.0,7.17,,,
Guatemala,Washed / Wet,7.0,7.5,7.33,7.17,7.17,7.17,10.0,10.0,10.0,7.33,,,
Colombia,,7.17,7.25,7.08,7.42,7.08,7.42,10.0,10.0,10.0,7.25,,,
Brazil,,7.33,7.25,7.33,7.08,7.58,7.25,9.33,10.0,10.0,7.42,,,
Brazil,Semi-washed / Semi-pulped,7.42,7.25,7.33,7.0,7.08,7.25,10.0,10.0,10.0,7.25,1200.0,1200.0,1200.0
Honduras,Washed / Wet,7.5,7.17,7.0,7.42,7.33,7.0,10.0,10.0,10.0,7.17,1400.0,1400.0,1400.0
Guatemala,Natural / Dry,7.17,7.42,6.83,7.5,7.17,7.25,10.0,10.0,10.0,7.25,1383.792,1383.792,1383.792
United States (Hawaii),,7.42,7.58,7.5,7.92,7.83,7.83,8.67,8.67,9.33,7.83,,,
Colombia,,7.08,7.25,7.0,7.5,7.08,7.33,10.0,10.0,10.0,7.33,,,
Taiwan,Natural / Dry,7.17,7.17,7.17,7.42,7.17,7.25,10.0,10.0,10.0,7.17,50.0,50.0,50.0
Guatemala,Washed / Wet,7.33,7.25,7.08,7.17,7.25,7.17,10.0,10.0,10.0,7.25,1500.0,1500.0,1500.0
Honduras,Washed / Wet,7.58,7.33,7.0,7.17,7.33,7.08,10.0,10.0,10.0,7.0,1650.0,1650.0,1650.0
Brazil,Semi-washed / Semi-pulped,7.25,7.33,7.17,7.5,7.33,7.25,9.33,10.0,10.0,7.33,1250.0,1250.0,1250.0
Guatemala,Washed / Wet,7.5,7.17,6.83,7.5,7.17,7.17,10.0,10.0,10.0,7.17,1219.2,1219.2,1219.2
Brazil,Semi-washed / Semi-pulped,7.42,7.42,7.08,7.33,7.67,7.5,9.33,9.33,10.0,7.42,1250.0,1250.0,1250.0
United States (Hawaii),Natural / Dry,7.42,7.33,7.33,7.58,7.58,7.42,8.67,10.0,10.0,7.17,,,
Guatemala,Washed / Wet,7.5,7.5,7.0,7.67,7.17,7.0,10.0,10.0,10.0,6.67,1859.28,1859.28,1859.28
Mexico,Washed / Wet,7.25,7.25,7.08,7.33,7.25,7.17,10.0,10.0,10.0,7.17,1450.0,1450.0,1450.0
Honduras,,7.25,7.42,7.0,7.42,7.33,7.0,10.0,10.0,10.0,7.0,1450.0,1450.0,1450.0
Taiwan,Washed / Wet,7.58,7.17,7.17,7.17,7.17,7.17,10.0,10.0,10.0,7.0,600.0,600.0,600.0
Taiwan,Washed / Wet,7.25,7.25,7.17,7.25,7.25,7.25,10.0,10.0,10.0,7.0,600.0,600.0,600.0
Mexico,Washed / Wet,6.92,7.17,7.08,7.5,7.33,7.17,10.0,10.0,10.0,7.25,1050.0,1050.0,1050.0
Mexico,Washed / Wet,7.42,7.08,7.08,7.33,7.25,7.17,10.0,10.0,10.0,7.08,1550.0,1550.0,1550.0
Taiwan,Other,7.25,7.25,7.08,7.25,7.25,7.25,10.0,10.0,10.0,7.0,600.0,600.0,600.0
Guatemala,Washed / Wet,7.33,7.33,6.83,7.5,7.0,7.17,10.0,10.0,10.0,7.17,1310.64,1310.64,1310.64
Mexico,Semi-washed / Semi-pulped,7.25,7.08,7.08,7.33,7.33,7.17,10.0,10.0,10.0,7.08,940.0,940.0,940.0
United States (Hawaii),Washed / Wet,7.17,7.5,6.92,7.33,7.67,7.33,9.33,10.0,10.0,7.08,,,
Brazil,Natural / Dry,7.17,7.33,7.42,7.08,7.0,7.0,10.0,10.0,10.0,7.25,995.0,995.0,995.0
Honduras,Natural / Dry,7.25,7.25,7.0,7.0,7.42,7.0,10.0,10.0,10.0,7.33,1400.0,1400.0,1400.0
Mexico,Washed / Wet,7.25,7.17,7.0,7.33,7.33,7.0,10.0,10.0,10.0,7.17,1600.0,1600.0,1600.0
United States (Hawaii),Natural / Dry,7.5,7.08,7.67,7.67,7.42,7.58,9.33,9.33,9.33,7.33,,,
Colombia,Washed / Wet,7.42,8.0,7.83,7.75,8.08,7.58,8.67,8.67,8.67,7.58,,,
Taiwan,Semi-washed / Semi-pulped,7.25,7.08,7.25,7.25,7.17,7.25,10.0,10.0,10.0,7.0,700.0,700.0,700.0
Guatemala,Washed / Wet,7.0,7.17,7.33,7.33,7.0,7.17,10.0,10.0,10.0,7.25,1400.0,1400.0,1400.0
Mexico,Washed / Wet,7.58,7.33,7.17,7.25,6.75,7.0,10.0,10.0,10.0,7.17,808.0,808.0,808.0
Honduras,Washed / Wet,7.25,7.25,7.0,7.17,7.08,7.08,10.0,10.0,10.0,7.33,1400.0,1400.0,1400.0
Guatemala,Washed / Wet,7.33,7.33,7.0,7.17,7.17,7.17,10.0,10.0,10.0,7.0,1310.64,1310.64,1310.64
Mexico,Washed / Wet,7.33,7.08,6.92,7.42,7.25,7.08,10.0,10.0,10.0,7.08,1250.0,1250.0,1250.0
Mexico,Washed / Wet,7.58,7.42,7.33,7.5,7.08,7.17,8.67,10.0,10.0,7.42,1550.0,1550.0,1550.0
Mexico,Washed / Wet,7.33,7.33,7.17,7.08,7.25,7.0,10.0,10.0,10.0,7.0,1000.0,1000.0,1000.0
Guatemala,Washed / Wet,7.33,7.33,7.0,7.33,7.0,7.0,10.0,10.0,10.0,7.17,1310.64,1310.64,1310.64
United States (Hawaii),,7.58,7.5,7.33,7.33,7.67,7.33,9.33,9.33,9.33,7.42,,,
Brazil,Pulped natural / honey,7.17,7.17,7.0,7.17,7.25,7.25,10.0,10.0,10.0,7.08,1100.0,1100.0,1100.0
Taiwan,Washed / Wet,7.42,7.25,7.25,7.17,7.0,7.0,10.0,10.0,10.0,7.0,850.0,850.0,850.0
Taiwan,Other,7.25,7.25,7.25,7.25,7.08,7.0,10.0,10.0,10.0,7.0,200.0,200.0,200.0
Taiwan,Washed / Wet,7.25,7.25,7.25,7.0,7.25,7.08,10.0,10.0,10.0,7.0,150.0,150.0,150.0
Taiwan,Semi-washed / Semi-pulped,7.25,7.25,7.25,7.08,7.17,7.08,10.0,10.0,10.0,7.0,250.0,250.0,250.0
Mexico,Washed / Wet,7.33,7.17,7.25,7.08,7.08,7.08,10.0,10.0,10.0,7.08,1300.0,1300.0,1300.0
Mexico,Washed / Wet,7.25,7.08,7.0,7.17,7.33,7.17,10.0,10.0,10.0,7.08,1300.0,1300.0,1300.0
Mexico,Washed / Wet,7.58,7.75,7.42,7.5,7.5,7.5,8.67,8.67,10.0,7.42,1300.0,1500.0,1400.0
Taiwan,Washed / Wet,7.25,7.25,7.25,7.0,7.25,7.0,10.0,10.0,10.0,7.0,250.0,250.0,250.0
Mexico,Washed / Wet,7.25,7.25,7.08,7.17,7.33,7.33,9.33,10.0,10.0,7.25,1250.0,1250.0,1250.0
Mexico,Washed / Wet,7.08,7.33,7.0,7.33,7.08,7.0,10.0,10.0,10.0,7.17,1100.0,1100.0,1100.0
Colombia,Washed / Wet,7.83,7.67,7.58,7.75,7.83,7.17,6.67,10.0,10.0,7.42,,,
United States (Hawaii),Natural / Dry,7.5,7.0,7.0,6.92,7.33,7.17,10.0,10.0,10.0,7.0,,,
Mexico,Washed / Wet,7.33,7.08,7.08,7.33,7.42,7.17,9.33,10.0,10.0,7.17,1300.0,1300.0,1300.0
Mexico,Washed / Wet,7.17,7.17,6.92,7.25,7.33,7.08,10.0,10.0,10.0,7.0,1100.0,1100.0,1100.0
Mexico,Washed / Wet,7.5,7.17,7.0,7.17,7.25,7.08,10.0,10.0,10.0,6.75,1100.0,1100.0,1100.0
Mexico,Washed / Wet,7.17,7.08,7.08,7.08,7.5,7.33,9.33,10.0,10.0,7.33,1100.0,1100.0,1100.0
Mexico,Natural / Dry,7.33,7.25,7.0,7.42,7.17,7.17,9.33,10.0,10.0,7.25,1250.0,1250.0,1250.0
Mexico,Washed / Wet,7.17,7.33,7.08,7.58,7.33,7.08,10.0,9.33,10.0,7.0,1250.0,1250.0,1250.0
United States (Hawaii),,7.5,7.42,7.58,7.42,7.5,7.58,8.67,8.67,10.0,7.58,,,
Guatemala,Washed / Wet,7.33,7.25,6.92,7.33,7.25,7.33,9.33,10.0,10.0,7.08,1700.0,1700.0,1700.0
Mexico,Washed / Wet,7.17,7.08,7.0,7.25,7.5,7.0,10.0,10.0,10.0,6.83,1300.0,1300.0,1300.0
United States (Hawaii),Natural / Dry,7.58,7.08,6.83,7.17,7.5,7.17,9.33,10.0,10.0,7.17,,,
Guatemala,Washed / Wet,7.5,7.42,7.25,7.58,7.33,7.42,9.33,9.33,9.33,7.25,190164.0,190164.0,190164.0
Taiwan,Natural / Dry,7.75,7.33,7.17,7.33,7.67,7.83,9.33,9.33,8.67,7.33,800.0,1200.0,1000.0
Taiwan,Washed / Wet,7.08,7.08,7.25,7.0,7.17,7.17,10.0,10.0,10.0,7.0,500.0,700.0,600.0
Costa Rica,Washed / Wet,7.58,7.5,7.67,7.75,7.67,7.58,8.0,8.0,10.0,8.0,1100.0,1100.0,1100.0
Mexico,Washed / Wet,7.58,7.08,7.0,7.0,7.5,6.92,10.0,10.0,10.0,6.67,1400.0,1400.0,1400.0
Mexico,Washed / Wet,7.58,7.08,6.92,7.58,7.5,6.92,10.0,9.33,10.0,6.83,1022.0,1022.0,1022.0
Mexico,Washed / Wet,7.25,7.08,7.0,7.17,7.17,7.08,10.0,10.0,10.0,7.0,1300.0,1300.0,1300.0
Mexico,Washed / Wet,7.25,7.17,7.17,7.08,7.17,7.0,10.0,10.0,10.0,6.92,1450.0,1450.0,1450.0
Mexico,Washed / Wet,7.33,7.25,7.0,7.08,7.08,7.0,10.0,10.0,10.0,7.0,1050.0,1050.0,1050.0
Guatemala,Washed / Wet,7.58,7.33,7.5,7.33,7.0,7.33,9.33,9.33,9.33,7.67,,,
Mexico,Washed / Wet,7.25,6.83,6.92,7.08,7.25,7.08,10.0,10.0,10.0,7.33,1100.0,1100.0,1100.0
Guatemala,Washed / Wet,7.42,7.42,7.25,7.58,7.42,7.33,9.33,9.33,9.33,7.25,1219.2,1219.2,1219.2
Guatemala,Washed / Wet,7.5,7.0,6.83,7.08,7.08,7.17,10.0,10.0,10.0,7.0,1310.64,1310.64,1310.64
Mexico,Washed / Wet,7.42,7.25,6.83,7.58,7.17,6.58,10.0,10.0,10.0,6.83,1400.0,1400.0,1400.0
Mexico,Washed / Wet,7.33,7.17,7.0,6.75,7.08,7.0,10.0,10.0,10.0,7.33,975.0,975.0,975.0
Mexico,Washed / Wet,6.92,7.17,7.17,7.17,7.08,7.08,10.0,10.0,10.0,7.08,1264.0,1264.0,1264.0
Mexico,Washed / Wet,7.08,7.0,6.92,7.33,7.25,7.08,10.0,10.0,10.0,6.92,1250.0,1250.0,1250.0
Mexico,Washed / Wet,7.25,6.92,6.92,7.33,7.25,7.0,10.0,10.0,10.0,6.92,1550.0,1550.0,1550.0
Colombia,,7.25,7.17,7.0,6.75,7.17,7.33,10.0,10.0,10.0,6.92,1800.0,1800.0,1800.0
Guatemala,,7.08,7.0,6.83,7.33,7.25,7.0,10.0,10.0,10.0,7.08,1066.8,1584.96,1325.88
Taiwan,Natural / Dry,6.92,7.0,7.17,7.0,7.42,7.0,10.0,10.0,10.0,7.0,700.0,700.0,700.0
Colombia,Washed / Wet,7.83,7.5,7.42,7.42,7.67,7.5,10.0,6.67,10.0,7.5,1550.0,1550.0,1550.0
Mexico,Washed / Wet,7.25,7.08,6.92,7.25,7.58,7.08,9.33,10.0,10.0,7.0,1550.0,1550.0,1550.0
Mexico,Washed / Wet,7.25,7.33,7.0,7.25,7.17,7.17,9.33,10.0,10.0,7.0,1100.0,1100.0,1100.0
Guatemala,Washed / Wet,7.08,7.33,7.25,7.58,7.33,7.42,9.33,9.33,9.33,7.42,1219.2,1219.2,1219.2
Guatemala,Washed / Wet,7.25,7.33,6.83,7.0,7.0,7.17,10.0,10.0,10.0,6.83,1219.2,1219.2,1219.2
Mexico,Washed / Wet,7.0,6.83,6.83,7.42,7.33,7.17,10.0,10.0,10.0,6.83,800.0,800.0,800.0
Colombia,Washed / Wet,7.42,7.25,6.75,7.25,7.42,7.25,9.33,9.33,10.0,7.33,1200.0,1200.0,1200.0
Mexico,Washed / Wet,7.0,7.0,6.83,7.33,7.42,6.92,10.0,10.0,10.0,6.83,950.0,950.0,950.0
Mexico,Washed / Wet,7.42,7.17,7.08,7.17,7.08,7.08,9.33,10.0,10.0,7.0,750.0,750.0,750.0
Guatemala,Washed / Wet,7.17,6.5,6.33,7.25,7.58,7.33,10.0,10.0,10.0,7.17,,,
Taiwan,Washed / Wet,7.08,6.83,6.83,7.25,7.42,7.08,10.0,10.0,10.0,6.75,850.0,850.0,850.0
Mexico,Washed / Wet,7.0,7.0,6.92,7.17,7.17,7.08,10.0,10.0,10.0,6.92,1000.0,1000.0,1000.0
Guatemala,Washed / Wet,7.33,7.42,7.33,7.42,7.5,7.42,8.67,9.33,9.33,7.42,1219.2,1219.2,1219.2
Honduras,Washed / Wet,7.58,7.0,6.75,6.92,7.0,6.92,10.0,10.0,10.0,7.0,1650.0,1650.0,1650.0
Guatemala,Washed / Wet,7.08,7.0,6.92,7.42,7.0,6.92,10.0,10.0,10.0,6.83,1320.0,1320.0,1320.0
Guatemala,Washed / Wet,7.25,7.17,6.75,7.25,7.0,6.92,10.0,10.0,10.0,6.83,1300.0,1800.0,1550.0
Costa Rica,Washed / Wet,7.17,7.42,7.5,8.0,7.25,7.83,10.0,10.0,6.67,7.33,,,
Mexico,Washed / Wet,7.25,7.08,6.92,7.08,7.17,7.17,9.33,10.0,10.0,7.17,1550.0,1550.0,1550.0
Mexico,Washed / Wet,7.17,6.92,6.92,7.08,7.17,7.0,10.0,10.0,10.0,6.92,1450.0,1450.0,1450.0
Mexico,,6.75,6.75,6.83,7.25,7.58,7.08,10.0,10.0,10.0,6.92,1200.0,1200.0,1200.0
Guatemala,Washed / Wet,7.58,7.67,7.42,7.42,7.67,7.67,8.67,8.67,8.67,7.67,1700.0,1700.0,1700.0
Mexico,Washed / Wet,7.33,7.0,6.92,7.25,7.33,7.08,9.33,10.0,10.0,6.83,1500.0,1500.0,1500.0
Mexico,Washed / Wet,7.25,7.08,6.75,7.33,7.42,7.0,9.33,10.0,10.0,6.92,1100.0,1100.0,1100.0
Mexico,Washed / Wet,7.17,7.25,7.25,7.17,7.25,7.08,9.33,9.33,10.0,7.25,1200.0,1200.0,1200.0
Guatemala,Washed / Wet,7.33,7.17,6.58,7.42,7.08,6.83,10.0,10.0,10.0,6.58,1219.2,1219.2,1219.2
Honduras,Washed / Wet,7.0,7.0,7.0,7.0,7.0,7.0,10.0,10.0,10.0,7.0,1350.0,1350.0,1350.0
Mexico,Natural / Dry,6.75,7.08,6.67,7.25,7.17,7.08,10.0,10.0,10.0,7.0,1300.0,1300.0,1300.0
Mexico,Semi-washed / Semi-pulped,7.5,7.17,6.92,7.5,7.25,7.0,8.67,10.0,10.0,7.0,1550.0,1550.0,1550.0
Mexico,Washed / Wet,7.17,6.83,6.83,7.25,7.17,6.92,10.0,10.0,10.0,6.83,12.0,12.0,12.0
Mexico,Washed / Wet,7.33,7.0,6.75,7.08,7.17,7.25,9.33,10.0,10.0,7.0,1300.0,1300.0,1300.0
Mexico,Washed / Wet,7.5,7.0,6.92,7.08,6.92,6.75,10.0,10.0,10.0,6.75,1400.0,1400.0,1400.0
United States (Hawaii),Natural / Dry,7.5,6.92,6.92,7.25,7.58,7.42,9.33,9.33,9.33,7.17,,,
Guatemala,Washed / Wet,7.33,7.08,6.33,7.25,7.0,7.0,10.0,10.0,10.0,6.75,1310.64,1310.64,1310.64
Mexico,Washed / Wet,7.25,6.83,6.83,7.0,7.17,7.0,10.0,10.0,10.0,6.67,1320.0,1320.0,1320.0
Mexico,Semi-washed / Semi-pulped,7.25,7.33,7.17,7.25,7.08,7.0,8.67,10.0,10.0,7.0,1250.0,1250.0,1250.0
Mexico,Washed / Wet,7.67,7.17,6.83,7.33,7.58,7.17,9.33,10.0,8.67,7.0,1350.0,1350.0,1350.0
Mexico,Washed / Wet,6.92,6.92,6.67,7.25,7.17,6.92,10.0,10.0,10.0,6.83,1150.0,1150.0,1150.0
Guatemala,Washed / Wet,7.33,7.17,6.92,7.58,7.25,7.17,8.67,9.33,10.0,7.17,1219.2,1219.2,1219.2
Taiwan,Washed / Wet,6.83,6.75,7.17,7.25,7.0,6.92,10.0,10.0,10.0,6.67,800.0,800.0,800.0
Mexico,Washed / Wet,7.0,7.0,6.75,7.33,6.92,6.92,10.0,10.0,10.0,6.67,1400.0,1400.0,1400.0
Mexico,Washed / Wet,7.92,7.58,7.58,7.92,7.92,7.5,8.0,6.67,10.0,7.5,1300.0,1300.0,1300.0
United States (Hawaii),,7.92,6.83,7.08,7.42,6.75,7.33,8.67,9.33,10.0,7.25,,,
Mexico,Washed / Wet,7.25,6.75,6.92,6.92,7.25,7.58,9.33,9.33,10.0,7.17,1600.0,1600.0,1600.0
Mexico,Washed / Wet,7.08,6.83,6.83,7.0,7.0,6.92,10.0,10.0,10.0,6.83,1400.0,1400.0,1400.0
Mexico,Washed / Wet,7.25,7.17,7.0,6.83,7.58,7.08,8.67,10.0,10.0,6.92,1200.0,1200.0,1200.0
Brazil,Natural / Dry,6.83,7.0,6.92,7.08,6.92,6.83,10.0,10.0,10.0,6.83,,,
Mexico,Washed / Wet,7.58,7.17,7.0,7.17,7.33,7.0,8.0,10.0,10.0,7.17,1500.0,1500.0,1500.0
United States (Hawaii),Natural / Dry,7.5,7.75,7.58,7.83,7.92,7.92,7.33,8.0,8.67,7.83,,,
Guatemala,Washed / Wet,7.17,6.5,6.67,7.0,7.17,7.17,10.0,10.0,10.0,6.67,1219.2,1219.2,1219.2
Guatemala,Washed / Wet,7.17,7.17,6.5,7.17,7.0,6.83,10.0,10.0,10.0,6.5,1310.64,1310.64,1310.64
Mexico,Natural / Dry,7.25,7.25,7.0,7.5,7.33,7.42,8.0,9.33,10.0,7.75,1300.0,1300.0,1300.0
Guatemala,Washed / Wet,7.17,6.08,6.17,7.25,7.33,7.33,10.0,10.0,10.0,7.0,,,
United States (Hawaii),Natural / Dry,7.5,7.5,7.33,7.58,7.5,7.42,8.67,8.67,8.67,7.42,,,
United States (Hawaii),Natural / Dry,7.42,7.33,7.33,7.5,7.67,7.75,8.0,8.67,9.33,7.25,,,
Mexico,Washed / Wet,7.08,6.83,6.67,7.25,7.25,6.92,10.0,9.33,10.0,6.75,1050.0,1050.0,1050.0
Taiwan,Washed / Wet,7.5,7.08,7.33,7.17,7.5,7.5,6.67,10.0,10.0,7.25,650.0,650.0,650.0
Honduras,Natural / Dry,6.83,7.0,6.67,7.0,7.0,6.83,10.0,10.0,10.0,6.67,1350.0,1350.0,1350.0
United States (Hawaii),Natural / Dry,7.58,7.33,7.5,7.42,7.5,7.33,8.0,8.67,9.33,7.33,,,
Guatemala,Washed / Wet,7.42,7.25,6.83,7.33,7.0,6.92,9.33,9.33,9.33,7.25,1219.2,1219.2,1219.2
Guatemala,Washed / Wet,7.0,6.83,6.83,7.17,6.67,6.83,10.0,10.0,10.0,6.67,1310.64,1310.64,1310.64
Mexico,Washed / Wet,7.25,7.33,7.0,7.0,7.25,7.08,10.0,10.0,8.0,7.08,850.0,850.0,850.0
Colombia,,7.42,7.17,7.0,7.17,7.67,7.17,8.67,9.33,9.33,7.08,,,
Costa Rica,Washed / Wet,7.5,7.25,7.42,7.0,7.08,6.83,8.67,9.33,10.0,6.83,1200.0,1200.0,1200.0
Mexico,Washed / Wet,7.42,7.25,7.0,7.0,7.25,7.08,8.0,10.0,10.0,6.92,1248.0,1248.0,1248.0
Guatemala,Washed / Wet,7.17,6.17,6.17,7.08,7.33,6.83,10.0,10.0,10.0,7.17,,,
Brazil,Washed / Wet,7.0,6.75,6.67,6.83,7.08,6.83,10.0,10.0,10.0,6.67,,,
Guatemala,Washed / Wet,7.0,6.83,6.67,7.17,6.83,6.83,10.0,10.0,10.0,6.5,1310.64,1310.64,1310.64
Taiwan,Washed / Wet,7.17,6.75,6.58,7.33,7.33,7.17,9.33,9.33,10.0,6.67,750.0,800.0,775.0
United States (Hawaii),Natural / Dry,7.58,7.67,7.58,7.67,7.42,7.42,9.33,9.33,6.0,7.58,,,
Mexico,Washed / Wet,7.17,6.75,6.58,6.75,6.83,6.75,10.0,10.0,10.0,6.67,1300.0,1300.0,1300.0
Guatemala,Washed / Wet,7.08,6.92,6.33,7.0,6.92,7.0,10.0,10.0,10.0,6.17,1310.64,1310.64,1310.64
Brazil,Natural / Dry,7.5,7.33,7.42,7.58,7.58,6.92,8.0,8.0,10.0,7.0,890.0,890.0,890.0
Guatemala,Washed / Wet,7.33,7.0,6.83,7.17,7.17,7.17,9.33,9.33,9.33,6.67,1219.2,1219.2,1219.2
Mexico,Washed / Wet,7.33,7.0,6.67,7.0,6.92,6.92,9.33,9.33,10.0,6.83,1500.0,1500.0,1500.0
United States (Hawaii),Natural / Dry,7.08,6.92,6.83,6.67,7.58,7.42,8.67,9.33,10.0,6.75,,,
Mexico,Washed / Wet,7.08,7.0,7.0,7.25,7.33,7.25,8.67,8.67,10.0,6.92,1200.0,1200.0,1200.0
Mexico,,6.67,6.33,6.42,6.83,7.0,6.92,10.0,10.0,10.0,6.58,1200.0,1200.0,1200.0
Guatemala,Washed / Wet,6.42,6.5,6.5,7.33,6.33,6.92,10.0,10.0,10.0,6.5,,,
Mexico,Washed / Wet,7.17,6.58,6.58,7.0,7.25,6.58,9.33,9.33,10.0,6.58,1100.0,1100.0,1100.0
Guatemala,Washed / Wet,7.5,7.0,6.83,7.5,7.17,7.33,8.67,8.67,8.67,7.0,1310.64,1310.64,1310.64
Guatemala,Washed / Wet,6.17,6.5,6.5,7.17,7.0,6.83,10.0,10.0,10.0,6.17,,,
United States (Hawaii),Natural / Dry,7.25,7.08,6.83,7.17,7.33,6.83,8.67,8.67,9.33,7.08,,,
United States (Hawaii),Natural / Dry,7.5,7.33,7.33,7.58,7.67,7.25,8.0,8.0,8.0,7.5,,,
Mexico,Washed / Wet,7.42,7.0,6.83,7.08,6.92,6.83,7.33,10.0,10.0,6.75,1400.0,1400.0,1400.0
Mexico,Washed / Wet,7.08,6.83,6.83,7.17,7.17,7.08,10.0,7.33,10.0,6.58,1250.0,1250.0,1250.0
Honduras,Natural / Dry,6.83,6.83,6.67,6.83,7.0,6.83,9.33,8.67,10.0,7.0,1350.0,1350.0,1350.0
Brazil,Natural / Dry,7.17,7.0,6.83,7.5,7.17,7.0,8.0,8.0,10.0,7.0,,,
Guatemala,Washed / Wet,7.92,7.58,7.17,7.58,7.33,7.17,8.0,8.0,8.0,6.83,1310.64,1310.64,1310.64
Guatemala,Washed / Wet,6.67,6.5,6.33,7.0,7.17,6.75,8.67,10.0,10.0,6.5,,,
Mexico,Washed / Wet,7.5,7.25,6.92,7.0,7.17,6.83,8.0,8.0,10.0,6.83,1100.0,1100.0,1100.0
Mexico,Washed / Wet,7.17,6.92,6.67,6.83,7.25,7.75,10.0,6.0,10.0,6.58,1200.0,1200.0,1200.0
Mexico,Washed / Wet,7.25,6.83,6.67,7.08,7.17,6.83,10.0,6.67,10.0,6.67,1100.0,1100.0,1100.0
Mexico,Washed / Wet,7.17,7.17,6.83,7.17,7.42,6.67,8.67,7.33,10.0,6.75,1280.0,1280.0,1280.0
Mexico,Washed / Wet,7.0,6.92,6.75,6.92,7.17,6.83,10.0,6.67,10.0,6.75,850.0,850.0,850.0
Mexico,Washed / Wet,7.08,6.75,6.58,7.0,7.0,6.75,8.67,8.67,10.0,6.42,1500.0,1500.0,1500.0
Mexico,Washed / Wet,7.33,6.75,6.67,7.25,7.5,7.0,10.0,5.33,10.0,7.0,1250.0,1250.0,1250.0
Guatemala,Washed / Wet,6.75,6.5,6.17,7.0,7.25,6.75,8.0,10.0,10.0,6.33,,,
Guatemala,Washed / Wet,6.75,6.67,6.17,7.17,7.0,6.58,8.0,10.0,10.0,6.42,,,
Mexico,Washed / Wet,7.08,7.0,6.83,7.5,7.33,6.83,8.0,7.33,10.0,6.75,1700.0,1700.0,1700.0
United States (Hawaii),Natural / Dry,7.5,7.25,7.0,7.25,7.42,7.33,8.0,8.67,6.67,7.33,,,
Guatemala,Washed / Wet,6.5,6.33,6.5,7.5,7.33,6.83,8.67,10.0,8.67,6.0,1310.64,1310.64,1310.64
Mexico,Washed / Wet,7.0,6.58,6.67,6.83,7.08,6.83,10.0,6.67,10.0,6.67,1140.0,1140.0,1140.0
Mexico,Washed / Wet,6.92,6.42,6.17,7.33,7.25,6.75,10.0,6.67,10.0,6.5,1200.0,1200.0,1200.0
Mexico,Washed / Wet,7.67,7.0,7.17,7.58,7.33,7.33,10.0,2.67,10.0,7.08,1250.0,1250.0,1250.0
United States (Hawaii),Natural / Dry,7.17,7.17,7.17,7.58,7.67,6.92,9.33,6.67,6.67,7.33,,,
Brazil,,7.25,6.58,6.58,7.0,7.0,6.42,8.0,8.0,10.0,6.67,,,
Honduras,Washed / Wet,7.0,7.17,6.83,7.17,7.0,7.17,8.0,8.0,8.0,7.08,1350.0,1350.0,1350.0
Mexico,Washed / Wet,7.08,7.08,6.92,7.08,6.92,6.92,8.0,8.0,8.0,6.92,1200.0,1200.0,1200.0
Colombia,Natural / Dry,8.0,7.33,7.75,7.33,7.42,7.67,6.67,6.67,6.67,7.33,,,
United States (Hawaii),Natural / Dry,6.92,6.92,6.92,7.5,7.58,7.17,6.67,6.67,9.33,6.92,,,
Costa Rica,Washed / Wet,6.33,6.5,6.33,6.83,6.33,6.5,10.0,6.67,10.0,6.25,1200.0,1200.0,1200.0
Mexico,Washed / Wet,6.92,6.92,6.92,6.92,7.17,7.0,10.0,2.67,10.0,6.58,800.0,800.0,800.0
Mexico,Washed / Wet,6.5,6.67,6.42,7.17,7.33,6.5,8.0,6.0,10.0,6.42,1800.0,1800.0,1800.0
Mexico,Washed / Wet,6.92,7.0,6.83,6.92,7.42,6.92,6.0,6.0,10.0,6.75,1000.0,1000.0,1000.0
Brazil,Natural / Dry,7.0,7.0,6.83,7.0,7.33,6.83,6.0,6.0,10.0,6.67,,,
Honduras,Washed / Wet,6.67,6.5,6.17,6.67,6.83,6.17,8.0,8.0,8.0,6.33,1450.0,1450.0,1450.0
Honduras,Washed / Wet,7.0,6.17,6.17,6.67,6.5,6.17,8.0,8.0,8.0,6.5,1450.0,1450.0,1450.0
Honduras,Washed / Wet,7.0,6.33,6.17,6.5,6.67,6.17,8.0,8.0,8.0,6.33,1450.0,1450.0,1450.0
Mexico,Washed / Wet,7.08,6.83,6.25,7.42,7.25,6.75,10.0,0.0,10.0,6.75,900.0,900.0,900.0
Guatemala,Washed / Wet,7.5,6.67,6.67,7.67,7.33,6.67,8.0,1.33,1.33,6.67,1417.32,1417.32,1417.32
